date,mortgage_rate,cpi,unemployment_rate,median_household_income
1947-01-01,,21.48,,
1947-02-01,,21.62,,
1947-03-01,,22.0,,
1947-04-01,,22.0,,
1947-05-01,,21.95,,
1947-06-01,,22.08,,
1947-07-01,,22.23,,
1947-08-01,,22.4,,
1947-09-01,,22.84,,
1947-10-01,,22.91,,
1947-11-01,,23.06,,
1947-12-01,,23.41,,
1948-01-01,,23.68,3.4,
1948-02-01,,23.67,3.8,
1948-03-01,,23.5,4.0,
1948-04-01,,23.82,3.9,
1948-05-01,,24.01,3.5,
1948-06-01,,24.15,3.6,
1948-07-01,,24.4,3.6,
1948-08-01,,24.43,3.9,
1948-09-01,,24.36,3.8,
1948-10-01,,24.31,3.7,
1948-11-01,,24.16,3.8,
1948-12-01,,24.05,4.0,
1949-01-01,,24.01,4.3,
1949-02-01,,23.91,4.7,
1949-03-01,,23.91,5.0,
1949-04-01,,23.92,5.3,
1949-05-01,,23.91,6.1,
1949-06-01,,23.92,6.2,
1949-07-01,,23.7,6.7,
1949-08-01,,23.7,6.8,
1949-09-01,,23.75,6.6,
1949-10-01,,23.67,7.9,
1949-11-01,,23.7,6.4,
1949-12-01,,23.61,6.6,
1950-01-01,,23.51,6.5,
1950-02-01,,23.61,6.4,
1950-03-01,,23.64,6.3,
1950-04-01,,23.65,5.8,
1950-05-01,,23.77,5.5,
1950-06-01,,23.88,5.4,
1950-07-01,,24.07,5.0,
1950-08-01,,24.2,4.5,
1950-09-01,,24.34,4.4,
1950-10-01,,24.5,4.2,
1950-11-01,,24.6,4.2,
1950-12-01,,24.98,4.3,
1951-01-01,,25.38,3.7,
1951-02-01,,25.83,3.4,
1951-03-01,,25.88,3.4,
1951-04-01,,25.92,3.1,
1951-05-01,,25.99,3.0,
1951-06-01,,25.93,3.2,
1951-07-01,,25.91,3.1,
1951-08-01,,25.86,3.1,
1951-09-01,,26.03,3.3,
1951-10-01,,26.16,3.5,
1951-11-01,,26.32,3.5,
1951-12-01,,26.47,3.1,
1952-01-01,,26.45,3.2,
1952-02-01,,26.41,3.1,
1952-03-01,,26.39,2.9,
1952-04-01,,26.46,2.9,
1952-05-01,,26.47,3.0,
1952-06-01,,26.53,3.0,
1952-07-01,,26.68,3.2,
1952-08-01,,26.69,3.4,
1952-09-01,,26.63,3.1,
1952-10-01,,26.69,3.0,
1952-11-01,,26.69,2.8,
1952-12-01,,26.71,2.7,
1953-01-01,,26.64,2.9,
1953-02-01,,26.59,2.6,
1953-03-01,,26.63,2.6,
1953-04-01,,26.69,2.7,
1953-05-01,,26.7,2.5,
1953-06-01,,26.77,2.5,
1953-07-01,,26.79,2.6,
1953-08-01,,26.85,2.7,
1953-09-01,,26.89,2.9,
1953-10-01,,26.95,3.1,
1953-11-01,,26.85,3.5,
1953-12-01,,26.87,4.5,
1954-01-01,,26.94,4.9,
1954-02-01,,26.99,5.2,
1954-03-01,,26.93,5.7,
1954-04-01,,26.86,5.9,
1954-05-01,,26.93,5.9,
1954-06-01,,26.94,5.6,
1954-07-01,,26.86,5.8,
1954-08-01,,26.85,6.0,
1954-09-01,,26.81,6.1,
1954-10-01,,26.72,5.7,
1954-11-01,,26.78,5.3,
1954-12-01,,26.77,5.0,
1955-01-01,,26.77,4.9,
1955-02-01,,26.82,4.7,
1955-03-01,,26.79,4.6,
1955-04-01,,26.79,4.7,
1955-05-01,,26.77,4.3,
1955-06-01,,26.71,4.2,
1955-07-01,,26.76,4.0,
1955-08-01,,26.72,4.2,
1955-09-01,,26.85,4.1,
1955-10-01,,26.82,4.3,
1955-11-01,,26.88,4.2,
1955-12-01,,26.87,4.2,
1956-01-01,,26.83,4.0,
1956-02-01,,26.86,3.9,
1956-03-01,,26.89,4.2,
1956-04-01,,26.93,4.0,
1956-05-01,,27.03,4.3,
1956-06-01,,27.15,4.3,
1956-07-01,,27.29,4.4,
1956-08-01,,27.31,4.1,
1956-09-01,,27.35,3.9,
1956-10-01,,27.51,3.9,
1956-11-01,,27.51,4.3,
1956-12-01,,27.63,4.2,
1957-01-01,,27.67,4.2,
1957-02-01,,27.8,3.9,
1957-03-01,,27.86,3.7,
1957-04-01,,27.93,3.9,
1957-05-01,,28.0,4.1,
1957-06-01,,28.11,4.3,
1957-07-01,,28.19,4.2,
1957-08-01,,28.28,4.1,
1957-09-01,,28.32,4.4,
1957-10-01,,28.32,4.5,
1957-11-01,,28.41,5.1,
1957-12-01,,28.47,5.2,
1958-01-01,,28.64,5.8,
1958-02-01,,28.7,6.4,
1958-03-01,,28.87,6.7,
1958-04-01,,28.94,7.4,
1958-05-01,,28.94,7.4,
1958-06-01,,28.91,7.3,
1958-07-01,,28.89,7.5,
1958-08-01,,28.94,7.4,
1958-09-01,,28.91,7.1,
1958-10-01,,28.91,6.7,
1958-11-01,,28.95,6.2,
1958-12-01,,28.97,6.2,
1959-01-01,,29.01,6.0,
1959-02-01,,29.0,5.9,
1959-03-01,,28.97,5.6,
1959-04-01,,28.98,5.2,
1959-05-01,,29.04,5.1,
1959-06-01,,29.11,5.0,
1959-07-01,,29.15,5.1,
1959-08-01,,29.18,5.2,
1959-09-01,,29.25,5.5,
1959-10-01,,29.35,5.7,
1959-11-01,,29.35,5.8,
1959-12-01,,29.41,5.3,
1960-01-01,,29.37,5.2,
1960-02-01,,29.41,4.8,
1960-03-01,,29.41,5.4,
1960-04-01,,29.54,5.2,
1960-05-01,,29.57,5.1,
1960-06-01,,29.61,5.4,
1960-07-01,,29.55,5.5,
1960-08-01,,29.61,5.6,
1960-09-01,,29.61,5.5,
1960-10-01,,29.75,6.1,
1960-11-01,,29.78,6.1,
1960-12-01,,29.81,6.6,
1961-01-01,,29.84,6.6,
1961-02-01,,29.84,6.9,
1961-03-01,,29.84,6.9,
1961-04-01,,29.81,7.0,
1961-05-01,,29.84,7.1,
1961-06-01,,29.84,6.9,
1961-07-01,,29.92,7.0,
1961-08-01,,29.94,6.6,
1961-09-01,,29.98,6.7,
1961-10-01,,29.98,6.5,
1961-11-01,,29.98,6.1,
1961-12-01,,30.01,6.0,
1962-01-01,,30.04,5.8,
1962-02-01,,30.11,5.5,
1962-03-01,,30.17,5.6,
1962-04-01,,30.21,5.6,
1962-05-01,,30.24,5.5,
1962-06-01,,30.21,5.5,
1962-07-01,,30.22,5.4,
1962-08-01,,30.28,5.7,
1962-09-01,,30.42,5.6,
1962-10-01,,30.38,5.4,
1962-11-01,,30.38,5.7,
1962-12-01,,30.38,5.5,
1963-01-01,,30.44,5.7,
1963-02-01,,30.48,5.9,
1963-03-01,,30.51,5.7,
1963-04-01,,30.48,5.7,
1963-05-01,,30.51,5.9,
1963-06-01,,30.61,5.6,
1963-07-01,,30.69,5.6,
1963-08-01,,30.75,5.4,
1963-09-01,,30.72,5.5,
1963-10-01,,30.75,5.5,
1963-11-01,,30.78,5.7,
1963-12-01,,30.88,5.5,
1964-01-01,,30.94,5.6,
1964-02-01,,30.91,5.4,
1964-03-01,,30.94,5.4,
1964-04-01,,30.95,5.3,
1964-05-01,,30.98,5.1,
1964-06-01,,31.01,5.2,
1964-07-01,,31.02,4.9,
1964-08-01,,31.05,5.0,
1964-09-01,,31.08,5.1,
1964-10-01,,31.12,5.1,
1964-11-01,,31.21,4.8,
1964-12-01,,31.25,5.0,
1965-01-01,,31.28,4.9,
1965-02-01,,31.28,5.1,
1965-03-01,,31.31,4.7,
1965-04-01,,31.38,4.8,
1965-05-01,,31.48,4.6,
1965-06-01,,31.61,4.6,
1965-07-01,,31.58,4.4,
1965-08-01,,31.55,4.4,
1965-09-01,,31.62,4.3,
1965-10-01,,31.65,4.2,
1965-11-01,,31.75,4.1,
1965-12-01,,31.85,4.0,
1966-01-01,,31.88,4.0,
1966-02-01,,32.08,3.8,
1966-03-01,,32.18,3.8,
1966-04-01,,32.28,3.8,
1966-05-01,,32.35,3.9,
1966-06-01,,32.38,3.8,
1966-07-01,,32.45,3.8,
1966-08-01,,32.65,3.8,
1966-09-01,,32.75,3.7,
1966-10-01,,32.85,3.7,
1966-11-01,,32.88,3.6,
1966-12-01,,32.92,3.8,
1967-01-01,,32.9,3.9,
1967-02-01,,33.0,3.8,
1967-03-01,,33.0,3.8,
1967-04-01,,33.1,3.8,
1967-05-01,,33.1,3.8,
1967-06-01,,33.3,3.9,
1967-07-01,,33.4,3.8,
1967-08-01,,33.5,3.8,
1967-09-01,,33.6,3.8,
1967-10-01,,33.7,4.0,
1967-11-01,,33.9,3.9,
1967-12-01,,34.0,3.8,
1968-01-01,,34.1,3.7,
1968-02-01,,34.2,3.8,
1968-03-01,,34.3,3.7,
1968-04-01,,34.4,3.5,
1968-05-01,,34.5,3.5,
1968-06-01,,34.7,3.7,
1968-07-01,,34.9,3.7,
1968-08-01,,35.0,3.5,
1968-09-01,,35.1,3.4,
1968-10-01,,35.3,3.4,
1968-11-01,,35.4,3.4,
1968-12-01,,35.6,3.4,
1969-01-01,,35.7,3.4,
1969-02-01,,35.8,3.4,
1969-03-01,,36.1,3.4,
1969-04-01,,36.3,3.4,
1969-05-01,,36.4,3.4,
1969-06-01,,36.6,3.5,
1969-07-01,,36.8,3.5,
1969-08-01,,36.9,3.5,
1969-09-01,,37.1,3.7,
1969-10-01,,37.3,3.7,
1969-11-01,,37.5,3.5,
1969-12-01,,37.7,3.5,
1970-01-01,,37.9,3.9,
1970-02-01,,38.1,4.2,
1970-03-01,,38.3,4.4,
1970-04-01,,38.5,4.6,
1970-05-01,,38.6,4.8,
1970-06-01,,38.8,4.9,
1970-07-01,,38.9,5.0,
1970-08-01,,39.0,5.1,
1970-09-01,,39.2,5.4,
1970-10-01,,39.4,5.5,
1970-11-01,,39.6,5.9,
1970-12-01,,39.8,6.1,
1971-01-01,,39.9,5.9,
1971-02-01,,39.9,5.9,
1971-03-01,,40.0,6.0,
1971-04-01,,40.1,5.9,
1971-04-02,7.33,,,
1971-04-09,7.31,,,
1971-04-16,7.31,,,
1971-04-23,7.31,,,
1971-04-30,7.29,,,
1971-05-01,,40.3,5.9,
1971-05-07,7.38,,,
1971-05-14,7.42,,,
1971-05-21,7.44,,,
1971-05-28,7.46,,,
1971-06-01,,40.5,5.9,
1971-06-04,7.52,,,
1971-06-11,7.52,,,
1971-06-18,7.54,,,
1971-06-25,7.54,,,
1971-07-01,,40.6,6.0,
1971-07-02,7.54,,,
1971-07-09,7.54,,,
1971-07-16,7.6,,,
1971-07-23,7.65,,,
1971-07-30,7.69,,,
1971-08-01,,40.7,6.1,
1971-08-06,7.66,,,
1971-08-13,7.73,,,
1971-08-20,7.71,,,
1971-08-27,7.69,,,
1971-09-01,,40.8,6.0,
1971-09-03,7.71,,,
1971-09-10,7.67,,,
1971-09-17,7.7,,,
1971-09-24,7.67,,,
1971-10-01,7.67,40.9,5.8,
1971-10-08,7.63,,,
1971-10-15,7.63,,,
1971-10-22,7.58,,,
1971-10-29,7.63,,,
1971-11-01,,41.0,6.0,
1971-11-05,7.59,,,
1971-11-12,7.56,,,
1971-11-19,7.54,,,
1971-11-26,7.51,,,
1971-12-01,,41.1,6.0,
1971-12-03,7.49,,,
1971-12-10,7.47,,,
1971-12-17,7.48,,,
1971-12-24,7.48,,,
1971-12-31,7.48,,,
1972-01-01,,41.2,5.8,
1972-01-07,7.46,,,
1972-01-14,7.46,,,
1972-01-21,7.43,,,
1972-01-28,7.4,,,
1972-02-01,,41.4,5.7,
1972-02-04,7.35,,,
1972-02-11,7.33,,,
1972-02-18,7.31,,,
1972-02-25,7.31,,,
1972-03-01,,41.4,5.8,
1972-03-03,7.32,,,
1972-03-10,7.32,,,
1972-03-17,7.31,,,
1972-03-24,7.31,,,
1972-03-31,7.23,,,
1972-04-01,,41.5,5.7,
1972-04-07,7.25,,,
1972-04-14,7.29,,,
1972-04-21,7.29,,,
1972-04-28,7.33,,,
1972-05-01,,41.6,5.7,
1972-05-05,7.33,,,
1972-05-12,7.38,,,
1972-05-19,7.38,,,
1972-05-26,7.4,,,
1972-06-01,,41.7,5.7,
1972-06-02,7.36,,,
1972-06-09,7.38,,,
1972-06-16,7.38,,,
1972-06-23,7.36,,,
1972-06-30,7.38,,,
1972-07-01,,41.8,5.6,
1972-07-07,7.38,,,
1972-07-14,7.4,,,
1972-07-21,7.4,,,
1972-07-28,7.4,,,
1972-08-01,,41.9,5.6,
1972-08-04,7.35,,,
1972-08-11,7.41,,,
1972-08-18,7.42,,,
1972-08-25,7.42,,,
1972-09-01,7.42,42.1,5.5,
1972-09-08,7.42,,,
1972-09-15,7.42,,,
1972-09-22,7.41,,,
1972-09-29,7.43,,,
1972-10-01,,42.2,5.6,
1972-10-06,7.41,,,
1972-10-13,7.41,,,
1972-10-20,7.44,,,
1972-10-27,7.42,,,
1972-11-01,,42.4,5.3,
1972-11-03,7.43,,,
1972-11-10,7.42,,,
1972-11-17,7.42,,,
1972-11-24,7.44,,,
1972-12-01,7.45,42.5,5.2,
1972-12-08,7.43,,,
1972-12-15,7.43,,,
1972-12-22,7.45,,,
1972-12-29,7.45,,,
1973-01-01,,42.7,4.9,
1973-01-05,7.44,,,
1973-01-12,7.44,,,
1973-01-19,7.44,,,
1973-01-26,7.43,,,
1973-02-01,,43.0,5.0,
1973-02-02,7.43,,,
1973-02-09,7.43,,,
1973-02-16,7.45,,,
1973-02-23,7.45,,,
1973-03-01,,43.4,4.9,
1973-03-02,7.45,,,
1973-03-09,7.45,,,
1973-03-16,7.45,,,
1973-03-23,7.45,,,
1973-03-30,7.49,,,
1973-04-01,,43.7,5.0,
1973-04-06,7.51,,,
1973-04-13,7.54,,,
1973-04-20,7.56,,,
1973-04-27,7.56,,,
1973-05-01,,43.9,4.9,
1973-05-04,7.58,,,
1973-05-11,7.64,,,
1973-05-18,7.69,,,
1973-05-24,7.7,,,
1973-06-01,7.7,44.2,4.9,
1973-06-08,7.73,,,
1973-06-15,7.73,,,
1973-06-22,7.75,,,
1973-06-29,7.76,,,
1973-07-01,,44.2,4.8,
1973-07-06,7.89,,,
1973-07-13,8.01,,,
1973-07-20,8.12,,,
1973-07-27,8.18,,,
1973-08-01,,45.0,4.8,
1973-08-03,8.26,,,
1973-08-10,8.4,,,
1973-08-17,8.55,,,
1973-08-24,8.61,,,
1973-08-31,8.66,,,
1973-09-01,,45.2,4.8,
1973-09-07,8.77,,,
1973-09-14,8.81,,,
1973-09-21,8.83,,,
1973-09-28,8.85,,,
1973-10-01,,45.6,4.6,
1973-10-05,8.82,,,
1973-10-12,8.83,,,
1973-10-19,8.75,,,
1973-10-26,8.68,,,
1973-11-01,,45.9,4.8,
1973-11-02,8.62,,,
1973-11-09,8.59,,,
1973-11-16,8.58,,,
1973-11-23,8.57,,,
1973-11-30,8.55,,,
1973-12-01,,46.3,4.9,
1973-12-07,8.53,,,
1973-12-14,8.53,,,
1973-12-21,8.53,,,
1973-12-28,8.56,,,
1974-01-01,,46.8,5.1,
1974-01-04,8.56,,,
1974-01-11,8.53,,,
1974-01-18,8.55,,,
1974-01-25,8.52,,,
1974-02-01,8.48,47.3,5.2,
1974-02-08,8.46,,,
1974-02-15,8.46,,,
1974-02-22,8.42,,,
1974-03-01,8.41,47.8,5.1,
1974-03-08,8.41,,,
1974-03-15,8.4,,,
1974-03-22,8.4,,,
1974-03-29,8.41,,,
1974-04-01,,48.1,5.1,
1974-04-05,8.44,,,
1974-04-12,8.53,,,
1974-04-19,8.63,,,
1974-04-26,8.73,,,
1974-05-01,,48.6,5.1,
1974-05-03,8.87,,,
1974-05-10,8.98,,,
1974-05-17,8.97,,,
1974-05-24,9.01,,,
1974-05-31,9.03,,,
1974-06-01,,49.0,5.4,
1974-06-07,9.06,,,
1974-06-14,9.11,,,
1974-06-21,9.07,,,
1974-06-28,9.1,,,
1974-07-01,,49.3,5.5,
1974-07-05,9.14,,,
1974-07-12,9.19,,,
1974-07-19,9.37,,,
1974-07-26,9.42,,,
1974-08-01,,49.9,5.5,
1974-08-02,9.47,,,
1974-08-09,9.5,,,
1974-08-16,9.6,,,
1974-08-23,9.62,,,
1974-08-30,9.74,,,
1974-09-01,,50.6,5.9,
1974-09-06,9.88,,,
1974-09-13,9.92,,,
1974-09-20,10.0,,,
1974-09-27,10.03,,,
1974-10-01,,51.0,6.0,
1974-10-04,10.02,,,
1974-10-11,9.96,,,
1974-10-18,9.99,,,
1974-10-25,9.94,,,
1974-11-01,9.87,51.5,6.6,
1974-11-08,9.81,,,
1974-11-15,9.81,,,
1974-11-22,9.73,,,
1974-11-29,9.72,,,
1974-12-01,,51.9,7.2,
1974-12-06,9.69,,,
1974-12-13,9.63,,,
1974-12-20,9.58,,,
1974-12-27,9.56,,,
1975-01-01,,52.3,8.1,
1975-01-03,9.6,,,
1975-01-10,9.49,,,
1975-01-17,9.43,,,
1975-01-24,9.35,,,
1975-01-31,9.29,,,
1975-02-01,,52.6,8.1,
1975-02-07,9.2,,,
1975-02-14,9.13,,,
1975-02-21,9.07,,,
1975-02-28,9.02,,,
1975-03-01,,52.8,8.6,
1975-03-07,9.0,,,
1975-03-14,8.89,,,
1975-03-21,8.86,,,
1975-03-28,8.86,,,
1975-04-01,,53.0,8.8,
1975-04-04,8.83,,,
1975-04-11,8.81,,,
1975-04-18,8.8,,,
1975-04-25,8.84,,,
1975-05-01,,53.1,9.0,
1975-05-02,8.92,,,
1975-05-09,8.88,,,
1975-05-16,8.92,,,
1975-05-23,8.92,,,
1975-05-30,8.89,,,
1975-06-01,,53.5,8.8,
1975-06-06,8.89,,,
1975-06-13,8.9,,,
1975-06-20,8.88,,,
1975-06-27,8.9,,,
1975-07-01,,54.0,8.6,
1975-07-03,8.88,,,
1975-07-11,8.9,,,
1975-07-18,8.89,,,
1975-07-25,8.89,,,
1975-08-01,8.89,54.2,8.4,
1975-08-08,8.89,,,
1975-08-15,8.93,,,
1975-08-22,8.98,,,
1975-08-29,9.02,,,
1975-09-01,,54.6,8.4,
1975-09-05,9.08,,,
1975-09-12,9.16,,,
1975-09-19,9.14,,,
1975-09-26,9.14,,,
1975-10-01,,54.9,8.4,
1975-10-03,9.2,,,
1975-10-10,9.21,,,
1975-10-17,9.21,,,
1975-10-24,9.26,,,
1975-10-31,9.24,,,
1975-11-01,,55.3,8.3,
1975-11-07,9.19,,,
1975-11-14,9.16,,,
1975-11-21,9.12,,,
1975-11-28,9.11,,,
1975-12-01,,55.6,8.2,
1975-12-05,9.11,,,
1975-12-12,9.11,,,
1975-12-19,9.08,,,
1975-12-26,9.09,,,
1976-01-01,,55.8,7.9,
1976-01-02,9.1,,,
1976-01-09,9.07,,,
1976-01-16,9.01,,,
1976-01-23,9.0,,,
1976-01-30,8.9,,,
1976-02-01,,55.9,7.7,
1976-02-06,8.86,,,
1976-02-13,8.83,,,
1976-02-20,8.81,,,
1976-02-27,8.75,,,
1976-03-01,,56.0,7.6,
1976-03-05,8.77,,,
1976-03-12,8.75,,,
1976-03-19,8.75,,,
1976-03-26,8.75,,,
1976-04-01,,56.1,7.7,
1976-04-02,8.7,,,
1976-04-09,8.7,,,
1976-04-16,8.75,,,
1976-04-23,8.75,,,
1976-04-30,8.75,,,
1976-05-01,,56.4,7.4,
1976-05-07,8.75,,,
1976-05-14,8.75,,,
1976-05-21,8.78,,,
1976-05-28,8.78,,,
1976-06-01,,56.7,7.6,
1976-06-04,8.78,,,
1976-06-11,8.83,,,
1976-06-18,8.88,,,
1976-06-25,8.9,,,
1976-07-01,,57.0,7.8,
1976-07-02,8.93,,,
1976-07-09,8.93,,,
1976-07-16,8.93,,,
1976-07-23,8.9,,,
1976-07-30,8.98,,,
1976-08-01,,57.3,7.8,
1976-08-06,9.0,,,
1976-08-13,9.0,,,
1976-08-20,9.0,,,
1976-08-27,9.0,,,
1976-09-01,,57.6,7.6,
1976-09-03,9.0,,,
1976-09-10,8.97,,,
1976-09-17,8.97,,,
1976-09-24,8.97,,,
1976-10-01,8.9,57.9,7.7,
1976-10-08,8.95,,,
1976-10-15,8.95,,,
1976-10-22,8.95,,,
1976-10-29,8.9,,,
1976-11-01,,58.1,7.8,
1976-11-05,8.85,,,
1976-11-12,8.8,,,
1976-11-19,8.8,,,
1976-11-26,8.8,,,
1976-12-01,,58.4,7.8,
1976-12-03,8.8,,,
1976-12-10,8.8,,,
1976-12-17,8.8,,,
1976-12-24,8.78,,,
1976-12-31,8.78,,,
1977-01-01,,58.7,7.5,
1977-01-07,8.7,,,
1977-01-14,8.73,,,
1977-01-21,8.73,,,
1977-01-28,8.73,,,
1977-02-01,,59.3,7.6,
1977-02-04,8.68,,,
1977-02-11,8.7,,,
1977-02-18,8.65,,,
1977-02-25,8.65,,,
1977-03-01,,59.6,7.4,
1977-03-04,8.65,,,
1977-03-11,8.7,,,
1977-03-18,8.7,,,
1977-03-25,8.7,,,
1977-04-01,8.7,60.0,7.2,
1977-04-08,8.75,,,
1977-04-15,8.75,,,
1977-04-22,8.78,,,
1977-04-29,8.78,,,
1977-05-01,,60.2,7.0,
1977-05-06,8.78,,,
1977-05-13,8.83,,,
1977-05-20,8.85,,,
1977-05-27,8.85,,,
1977-06-01,,60.5,7.2,
1977-06-03,8.85,,,
1977-06-10,8.85,,,
1977-06-17,8.85,,,
1977-06-24,8.88,,,
1977-07-01,8.95,60.8,6.9,
1977-07-08,8.93,,,
1977-07-15,8.95,,,
1977-07-22,8.95,,,
1977-07-29,8.93,,,
1977-08-01,,61.1,7.0,
1977-08-05,8.95,,,
1977-08-12,8.95,,,
1977-08-19,8.93,,,
1977-08-26,8.93,,,
1977-09-01,,61.3,6.8,
1977-09-02,8.88,,,
1977-09-09,8.9,,,
1977-09-16,8.9,,,
1977-09-23,8.9,,,
1977-09-30,8.9,,,
1977-10-01,,61.6,6.8,
1977-10-07,8.93,,,
1977-10-14,8.93,,,
1977-10-21,8.93,,,
1977-10-28,8.9,,,
1977-11-01,,62.0,6.8,
1977-11-04,8.9,,,
1977-11-11,8.93,,,
1977-11-18,8.93,,,
1977-11-25,8.93,,,
1977-12-01,,62.3,6.4,
1977-12-02,8.95,,,
1977-12-09,8.95,,,
1977-12-16,8.95,,,
1977-12-23,8.95,,,
1977-12-30,9.0,,,
1978-01-01,,62.7,6.4,
1978-01-06,9.0,,,
1978-01-13,9.03,,,
1978-01-20,8.98,,,
1978-01-27,9.05,,,
1978-02-01,,63.0,6.3,
1978-02-03,9.13,,,
1978-02-10,9.15,,,
1978-02-17,9.15,,,
1978-02-24,9.15,,,
1978-03-01,,63.4,6.3,
1978-03-03,9.15,,,
1978-03-10,9.15,,,
1978-03-17,9.23,,,
1978-03-24,9.23,,,
1978-03-31,9.25,,,
1978-04-01,,63.9,6.1,
1978-04-07,9.28,,,
1978-04-14,9.33,,,
1978-04-21,9.38,,,
1978-04-28,9.43,,,
1978-05-01,,64.5,6.0,
1978-05-05,9.48,,,
1978-05-12,9.55,,,
1978-05-19,9.58,,,
1978-05-26,9.68,,,
1978-06-01,,65.0,5.9,
1978-06-02,9.68,,,
1978-06-09,9.7,,,
1978-06-16,9.73,,,
1978-06-23,9.7,,,
1978-06-30,9.73,,,
1978-07-01,,65.5,6.2,
1978-07-07,9.73,,,
1978-07-14,9.73,,,
1978-07-21,9.75,,,
1978-07-28,9.75,,,
1978-08-01,,65.9,5.9,
1978-08-04,9.78,,,
1978-08-11,9.78,,,
1978-08-18,9.78,,,
1978-08-25,9.8,,,
1978-09-01,9.75,66.5,6.0,
1978-09-08,9.75,,,
1978-09-15,9.75,,,
1978-09-22,9.75,,,
1978-09-29,9.78,,,
1978-10-01,,67.1,5.8,
1978-10-06,9.85,,,
1978-10-13,9.85,,,
1978-10-20,9.85,,,
1978-10-27,9.88,,,
1978-11-01,,67.5,5.9,
1978-11-03,9.9,,,
1978-11-10,10.05,,,
1978-11-17,10.2,,,
1978-11-24,10.28,,,
1978-12-01,10.3,67.9,6.0,
1978-12-08,10.35,,,
1978-12-15,10.35,,,
1978-12-22,10.35,,,
1978-12-29,10.38,,,
1979-01-01,,68.5,5.9,
1979-01-05,10.38,,,
1979-01-12,10.38,,,
1979-01-19,10.4,,,
1979-01-26,10.4,,,
1979-02-01,,69.2,5.9,
1979-02-02,10.4,,,
1979-02-09,10.43,,,
1979-02-16,10.4,,,
1979-02-23,10.4,,,
1979-03-01,,69.9,5.8,
1979-03-02,10.43,,,
1979-03-09,10.4,,,
1979-03-16,10.4,,,
1979-03-23,10.45,,,
1979-03-30,10.45,,,
1979-04-01,,70.6,5.8,
1979-04-06,10.48,,,
1979-04-13,10.48,,,
1979-04-20,10.5,,,
1979-04-27,10.53,,,
1979-05-01,,71.4,5.6,
1979-05-04,10.6,,,
1979-05-11,10.68,,,
1979-05-18,10.73,,,
1979-05-25,10.75,,,
1979-06-01,10.9,72.2,5.7,
1979-06-08,11.03,,,
1979-06-15,11.05,,,
1979-06-22,11.1,,,
1979-06-29,11.1,,,
1979-07-01,,73.0,5.7,
1979-07-06,11.13,,,
1979-07-13,11.08,,,
1979-07-20,11.08,,,
1979-07-27,11.08,,,
1979-08-01,,73.7,6.0,
1979-08-03,11.08,,,
1979-08-10,11.08,,,
1979-08-17,11.08,,,
1979-08-24,11.1,,,
1979-08-31,11.13,,,
1979-09-01,,74.4,5.9,
1979-09-07,11.2,,,
1979-09-14,11.3,,,
1979-09-21,11.35,,,
1979-09-28,11.35,,,
1979-10-01,,75.2,6.0,
1979-10-05,11.35,,,
1979-10-12,11.45,,,
1979-10-19,11.75,,,
1979-10-26,12.0,,,
1979-11-01,,76.0,5.9,
1979-11-02,12.8,,,
1979-11-09,12.85,,,
1979-11-16,12.8,,,
1979-11-23,12.8,,,
1979-11-30,12.9,,,
1979-12-01,,76.9,6.0,
1979-12-07,12.9,,,
1979-12-14,12.9,,,
1979-12-21,12.9,,,
1979-12-28,12.9,,,
1980-01-01,,78.0,6.3,
1980-01-04,12.85,,,
1980-01-11,12.9,,,
1980-01-18,12.87,,,
1980-01-25,12.89,,,
1980-02-01,12.85,79.0,6.3,
1980-02-08,12.85,,,
1980-02-15,12.88,,,
1980-02-22,13.03,,,
1980-02-29,13.59,,,
1980-03-01,,80.1,6.3,
1980-03-07,14.0,,,
1980-03-14,15.4,,,
1980-03-21,15.7,,,
1980-03-28,16.03,,,
1980-04-01,,80.9,6.9,
1980-04-04,16.35,,,
1980-04-11,16.35,,,
1980-04-18,16.35,,,
1980-04-25,16.25,,,
1980-05-01,,81.7,7.5,
1980-05-02,15.9,,,
1980-05-09,14.68,,,
1980-05-16,14.15,,,
1980-05-23,13.38,,,
1980-05-30,13.2,,,
1980-06-01,,82.5,7.6,
1980-06-06,13.06,,,
1980-06-13,12.85,,,
1980-06-20,12.58,,,
1980-06-27,12.35,,,
1980-07-01,,82.6,7.8,
1980-07-04,12.18,,,
1980-07-11,12.23,,,
1980-07-18,12.18,,,
1980-07-25,12.18,,,
1980-08-01,12.25,83.2,7.7,
1980-08-08,12.25,,,
1980-08-15,12.55,,,
1980-08-22,12.8,,,
1980-08-29,12.95,,,
1980-09-01,,83.9,7.5,
1980-09-05,13.03,,,
1980-09-12,13.08,,,
1980-09-19,13.25,,,
1980-09-26,13.43,,,
1980-10-01,,84.7,7.5,
1980-10-03,13.6,,,
1980-10-10,13.73,,,
1980-10-17,13.78,,,
1980-10-24,13.85,,,
1980-10-31,14.0,,,
1980-11-01,,85.6,7.5,
1980-11-07,14.08,,,
1980-11-14,14.18,,,
1980-11-21,14.28,,,
1980-11-28,14.28,,,
1980-12-01,,86.4,7.2,
1980-12-05,14.43,,,
1980-12-12,14.83,,,
1980-12-19,14.95,,,
1980-12-26,14.95,,,
1981-01-01,,87.2,7.5,
1981-01-02,14.95,,,
1981-01-09,14.8,,,
1981-01-16,14.85,,,
1981-01-23,14.85,,,
1981-01-30,15.07,,,
1981-02-01,,88.0,7.4,
1981-02-06,15.0,,,
1981-02-13,15.03,,,
1981-02-20,15.2,,,
1981-02-27,15.3,,,
1981-03-01,,88.6,7.4,
1981-03-06,15.4,,,
1981-03-13,15.4,,,
1981-03-20,15.4,,,
1981-03-27,15.4,,,
1981-04-01,,89.1,7.2,
1981-04-03,15.4,,,
1981-04-10,15.5,,,
1981-04-17,15.65,,,
1981-04-24,15.77,,,
1981-05-01,15.82,89.7,7.5,
1981-05-08,16.12,,,
1981-05-15,16.64,,,
1981-05-22,16.63,,,
1981-05-29,16.8,,,
1981-06-01,,90.5,7.5,
1981-06-05,16.76,,,
1981-06-12,16.69,,,
1981-06-19,16.71,,,
1981-06-26,16.62,,,
1981-07-01,,91.5,7.2,
1981-07-03,16.64,,,
1981-07-10,16.79,,,
1981-07-17,16.74,,,
1981-07-24,16.88,,,
1981-07-31,17.11,,,
1981-08-01,,92.2,7.4,
1981-08-07,17.13,,,
1981-08-14,17.27,,,
1981-08-21,17.26,,,
1981-08-28,17.48,,,
1981-09-01,,93.1,7.6,
1981-09-04,17.79,,,
1981-09-11,18.22,,,
1981-09-18,18.27,,,
1981-09-25,18.36,,,
1981-10-01,,93.4,7.9,
1981-10-02,18.28,,,
1981-10-09,18.63,,,
1981-10-16,18.53,,,
1981-10-21,18.39,,,
1981-10-30,18.44,,,
1981-11-01,,93.8,8.3,
1981-11-06,18.37,,,
1981-11-13,18.02,,,
1981-11-20,17.7,,,
1981-11-27,17.21,,,
1981-12-01,,94.1,8.5,
1981-12-04,16.9,,,
1981-12-11,16.94,,,
1981-12-18,16.9,,,
1981-12-25,16.95,,,
1981-12-31,17.04,,,
1982-01-01,,94.4,8.6,
1982-01-08,17.3,,,
1982-01-15,17.44,,,
1982-01-22,17.61,,,
1982-01-29,17.59,,,
1982-02-01,,94.7,8.9,
1982-02-05,17.56,,,
1982-02-12,17.65,,,
1982-02-19,17.66,,,
1982-02-26,17.52,,,
1982-03-01,,94.7,9.0,
1982-03-05,17.29,,,
1982-03-12,17.19,,,
1982-03-19,17.12,,,
1982-03-26,17.04,,,
1982-04-01,,95.0,9.3,
1982-04-02,16.95,,,
1982-04-09,16.91,,,
1982-04-16,16.93,,,
1982-04-23,16.86,,,
1982-04-30,16.81,,,
1982-05-01,,95.9,9.4,
1982-05-07,16.78,,,
1982-05-14,16.63,,,
1982-05-21,16.67,,,
1982-05-28,16.63,,,
1982-06-01,,97.0,9.6,
1982-06-04,16.65,,,
1982-06-11,16.7,,,
1982-06-18,16.71,,,
1982-06-25,16.73,,,
1982-07-01,,97.5,9.8,
1982-07-02,16.87,,,
1982-07-09,16.93,,,
1982-07-16,16.88,,,
1982-07-23,16.75,,,
1982-07-30,16.65,,,
1982-08-01,,97.7,9.8,
1982-08-06,16.55,,,
1982-08-13,16.44,,,
1982-08-20,16.21,,,
1982-08-27,15.88,,,
1982-09-01,,97.7,10.1,
1982-09-03,15.59,,,
1982-09-10,15.56,,,
1982-09-17,15.38,,,
1982-09-24,15.19,,,
1982-10-01,15.13,98.1,10.4,
1982-10-08,14.96,,,
1982-10-15,14.6,,,
1982-10-22,14.2,,,
1982-10-29,14.15,,,
1982-11-01,,98.0,10.8,
1982-11-05,13.91,,,
1982-11-12,13.84,,,
1982-11-19,13.78,,,
1982-11-26,13.77,,,
1982-12-01,,97.7,10.8,
1982-12-03,13.66,,,
1982-12-10,13.66,,,
1982-12-17,13.63,,,
1982-12-24,13.6,,,
1982-12-31,13.57,,,
1983-01-01,,97.9,10.4,
1983-01-07,13.46,,,
1983-01-14,13.31,,,
1983-01-21,13.12,,,
1983-01-28,13.1,,,
1983-02-01,,98.0,10.4,
1983-02-04,13.06,,,
1983-02-11,13.06,,,
1983-02-18,13.07,,,
1983-02-25,12.98,,,
1983-03-01,,98.1,10.3,
1983-03-04,12.74,,,
1983-03-11,12.79,,,
1983-03-18,12.81,,,
1983-03-25,12.86,,,
1983-04-01,12.82,98.8,10.2,
1983-04-08,12.82,,,
1983-04-15,12.79,,,
1983-04-22,12.75,,,
1983-04-29,12.73,,,
1983-05-01,,99.2,10.1,
1983-05-06,12.71,,,
1983-05-13,12.59,,,
1983-05-20,12.55,,,
1983-05-27,12.68,,,
1983-06-01,,99.4,10.1,
1983-06-03,12.74,,,
1983-06-10,12.82,,,
1983-06-17,12.96,,,
1983-06-24,12.96,,,
1983-07-01,13.08,99.8,9.4,
1983-07-08,13.3,,,
1983-07-15,13.5,,,
1983-07-22,13.58,,,
1983-07-29,13.65,,,
1983-08-01,,100.1,9.5,
1983-08-05,13.73,,,
1983-08-12,13.84,,,
1983-08-19,13.89,,,
1983-08-26,13.78,,,
1983-09-01,,100.4,9.2,
1983-09-02,13.77,,,
1983-09-09,13.77,,,
1983-09-16,13.72,,,
1983-09-23,13.72,,,
1983-09-30,13.65,,,
1983-10-01,,100.8,8.8,
1983-10-07,13.59,,,
1983-10-14,13.6,,,
1983-10-21,13.52,,,
1983-10-28,13.43,,,
1983-11-01,,101.1,8.5,
1983-11-04,13.42,,,
1983-11-11,13.47,,,
1983-11-18,13.42,,,
1983-11-25,13.43,,,
1983-12-01,,101.4,8.3,
1983-12-02,13.41,,,
1983-12-09,13.38,,,
1983-12-16,13.42,,,
1983-12-23,13.46,,,
1983-12-30,13.43,,,
1984-01-01,,102.1,8.0,60420.0
1984-01-06,13.43,,,
1984-01-13,13.4,,,
1984-01-20,13.35,,,
1984-01-27,13.29,,,
1984-02-01,,102.6,7.8,
1984-02-03,13.26,,,
1984-02-10,13.23,,,
1984-02-17,13.19,,,
1984-02-24,13.25,,,
1984-03-01,,102.9,7.8,
1984-03-02,13.23,,,
1984-03-09,13.3,,,
1984-03-16,13.37,,,
1984-03-23,13.48,,,
1984-03-30,13.55,,,
1984-04-01,,103.3,7.7,
1984-04-06,13.63,,,
1984-04-13,13.58,,,
1984-04-20,13.67,,,
1984-04-27,13.73,,,
1984-05-01,,103.5,7.4,
1984-05-04,13.78,,,
1984-05-11,13.87,,,
1984-05-18,14.04,,,
1984-05-25,14.08,,,
1984-06-01,14.29,103.7,7.2,
1984-06-08,14.33,,,
1984-06-15,14.47,,,
1984-06-22,14.49,,,
1984-06-29,14.5,,,
1984-07-01,,104.1,7.5,
1984-07-06,14.66,,,
1984-07-13,14.68,,,
1984-07-20,14.66,,,
1984-07-27,14.67,,,
1984-08-01,,104.4,7.5,
1984-08-03,14.68,,,
1984-08-10,14.54,,,
1984-08-17,14.39,,,
1984-08-24,14.36,,,
1984-08-31,14.38,,,
1984-09-01,,104.7,7.3,
1984-09-07,14.42,,,
1984-09-14,14.43,,,
1984-09-21,14.29,,,
1984-09-28,14.26,,,
1984-10-01,,105.1,7.4,
1984-10-05,14.18,,,
1984-10-12,14.19,,,
1984-10-19,14.1,,,
1984-10-26,14.05,,,
1984-11-01,,105.3,7.2,
1984-11-02,13.85,,,
1984-11-09,13.74,,,
1984-11-16,13.63,,,
1984-11-23,13.55,,,
1984-11-30,13.42,,,
1984-12-01,,105.5,7.3,
1984-12-07,13.2,,,
1984-12-14,13.2,,,
1984-12-21,13.18,,,
1984-12-28,13.14,,,
1985-01-01,,105.7,7.3,61570.0
1985-01-04,13.1,,,
1985-01-11,13.12,,,
1985-01-18,13.12,,,
1985-01-25,12.96,,,
1985-02-01,12.93,106.3,7.2,
1985-02-08,12.91,,,
1985-02-15,12.9,,,
1985-02-22,12.94,,,
1985-03-01,13.02,106.8,7.2,
1985-03-08,13.1,,,
1985-03-15,13.2,,,
1985-03-22,13.24,,,
1985-03-29,13.29,,,
1985-04-01,,107.0,7.3,
1985-04-05,13.27,,,
1985-04-12,13.23,,,
1985-04-19,13.16,,,
1985-04-26,13.12,,,
1985-05-01,,107.2,7.2,
1985-05-03,13.07,,,
1985-05-10,13.02,,,
1985-05-17,12.94,,,
1985-05-24,12.83,,,
1985-05-31,12.71,,,
1985-06-01,,107.5,7.4,
1985-06-07,12.39,,,
1985-06-14,12.27,,,
1985-06-21,12.05,,,
1985-06-28,12.15,,,
1985-07-01,,107.7,7.4,
1985-07-05,12.13,,,
1985-07-12,12.03,,,
1985-07-19,11.94,,,
1985-07-26,12.03,,,
1985-08-01,,107.9,7.1,
1985-08-02,12.17,,,
1985-08-09,12.23,,,
1985-08-16,12.24,,,
1985-08-23,12.18,,,
1985-08-30,12.11,,,
1985-09-01,,108.1,7.1,
1985-09-06,12.15,,,
1985-09-13,12.24,,,
1985-09-20,12.21,,,
1985-09-27,12.17,,,
1985-10-01,,108.5,7.1,
1985-10-04,12.17,,,
1985-10-11,12.17,,,
1985-10-18,12.13,,,
1985-10-25,12.07,,,
1985-11-01,12.01,109.0,7.0,
1985-11-08,11.9,,,
1985-11-15,11.79,,,
1985-11-22,11.64,,,
1985-11-29,11.58,,,
1985-12-01,,109.5,7.0,
1985-12-06,11.5,,,
1985-12-13,11.31,,,
1985-12-20,11.14,,,
1985-12-27,11.09,,,
1986-01-01,,109.9,6.7,63850.0
1986-01-03,10.81,,,
1986-01-10,10.77,,,
1986-01-17,10.99,,,
1986-01-24,10.97,,,
1986-01-31,10.89,,,
1986-02-01,,109.7,7.2,
1986-02-07,10.85,,,
1986-02-14,10.8,,,
1986-02-21,10.68,,,
1986-02-28,10.51,,,
1986-03-01,,109.1,7.2,
1986-03-07,10.2,,,
1986-03-14,10.01,,,
1986-03-21,10.01,,,
1986-03-28,10.1,,,
1986-04-01,,108.7,7.1,
1986-04-04,9.99,,,
1986-04-11,9.98,,,
1986-04-18,9.92,,,
1986-04-25,9.86,,,
1986-05-01,,109.0,7.2,
1986-05-02,9.9,,,
1986-05-09,10.0,,,
1986-05-16,10.08,,,
1986-05-23,10.36,,,
1986-05-30,10.38,,,
1986-06-01,,109.4,7.2,
1986-06-06,10.74,,,
1986-06-13,10.76,,,
1986-06-20,10.61,,,
1986-06-27,10.62,,,
1986-07-01,,109.5,7.0,
1986-07-04,10.61,,,
1986-07-11,10.59,,,
1986-07-18,10.43,,,
1986-07-25,10.4,,,
1986-08-01,10.4,109.6,6.9,
1986-08-08,10.4,,,
1986-08-15,10.23,,,
1986-08-22,10.04,,,
1986-08-29,9.93,,,
1986-09-01,,110.0,7.0,
1986-09-05,9.9,,,
1986-09-12,9.96,,,
1986-09-19,10.07,,,
1986-09-26,10.1,,,
1986-10-01,,110.2,7.0,
1986-10-03,10.08,,,
1986-10-10,9.99,,,
1986-10-17,9.96,,,
1986-10-24,9.95,,,
1986-10-31,9.89,,,
1986-11-01,,110.4,6.9,
1986-11-07,9.83,,,
1986-11-14,9.81,,,
1986-11-21,9.64,,,
1986-11-28,9.5,,,
1986-12-01,,110.8,6.6,
1986-12-05,9.3,,,
1986-12-12,9.35,,,
1986-12-19,9.3,,,
1986-12-26,9.29,,,
1987-01-01,,111.4,6.6,64650.0
1987-01-02,9.37,,,
1987-01-09,9.32,,,
1987-01-16,9.21,,,
1987-01-23,9.04,,,
1987-01-30,9.08,,,
1987-02-01,,111.8,6.6,
1987-02-06,9.06,,,
1987-02-13,9.09,,,
1987-02-20,9.11,,,
1987-02-27,9.07,,,
1987-03-01,,112.2,6.6,
1987-03-06,9.03,,,
1987-03-13,9.05,,,
1987-03-20,9.03,,,
1987-03-27,9.03,,,
1987-04-01,,112.7,6.3,
1987-04-03,9.26,,,
1987-04-10,9.43,,,
1987-04-17,10.27,,,
1987-04-24,10.37,,,
1987-05-01,10.47,113.0,6.3,
1987-05-08,10.52,,,
1987-05-15,10.48,,,
1987-05-22,10.81,,,
1987-05-29,10.7,,,
1987-06-01,,113.5,6.2,
1987-06-05,10.7,,,
1987-06-12,10.66,,,
1987-06-19,10.44,,,
1987-06-26,10.35,,,
1987-07-01,,113.8,6.1,
1987-07-03,10.36,,,
1987-07-10,10.3,,,
1987-07-17,10.23,,,
1987-07-24,10.23,,,
1987-07-31,10.27,,,
1987-08-01,,114.3,6.0,
1987-08-07,10.35,,,
1987-08-14,10.34,,,
1987-08-21,10.3,,,
1987-08-28,10.33,,,
1987-09-01,,114.7,5.9,
1987-09-04,10.63,,,
1987-09-11,10.91,,,
1987-09-18,10.99,,,
1987-09-25,11.02,,,
1987-10-01,,115.0,6.0,
1987-10-02,11.18,,,
1987-10-09,11.21,,,
1987-10-16,11.58,,,
1987-10-23,11.36,,,
1987-10-30,10.97,,,
1987-11-01,,115.4,5.8,
1987-11-06,10.79,,,
1987-11-13,10.66,,,
1987-11-20,10.6,,,
1987-11-27,10.55,,,
1987-12-01,,115.6,5.7,
1987-12-04,10.6,,,
1987-12-11,10.66,,,
1987-12-18,10.69,,,
1987-12-25,10.64,,,
1987-12-31,10.61,,,
1988-01-01,,116.0,5.7,65130.0
1988-01-08,10.5,,,
1988-01-15,10.53,,,
1988-01-22,10.34,,,
1988-01-29,10.16,,,
1988-02-01,,116.2,5.7,
1988-02-05,9.94,,,
1988-02-12,9.84,,,
1988-02-19,9.92,,,
1988-02-26,9.87,,,
1988-03-01,,116.5,5.7,
1988-03-04,9.85,,,
1988-03-11,9.96,,,
1988-03-18,9.92,,,
1988-03-25,9.99,,,
1988-04-01,10.05,117.2,5.4,
1988-04-08,10.19,,,
1988-04-15,10.19,,,
1988-04-22,10.3,,,
1988-04-29,10.28,,,
1988-05-01,,117.5,5.6,
1988-05-06,10.32,,,
1988-05-13,10.4,,,
1988-05-20,10.52,,,
1988-05-27,10.58,,,
1988-06-01,,118.0,5.4,
1988-06-03,10.58,,,
1988-06-10,10.51,,,
1988-06-17,10.35,,,
1988-06-24,10.4,,,
1988-07-01,10.39,118.5,5.4,
1988-07-08,10.38,,,
1988-07-15,10.44,,,
1988-07-22,10.46,,,
1988-07-29,10.49,,,
1988-08-01,,119.0,5.6,
1988-08-05,10.44,,,
1988-08-12,10.57,,,
1988-08-19,10.71,,,
1988-08-26,10.67,,,
1988-09-01,,119.5,5.4,
1988-09-02,10.65,,,
1988-09-09,10.53,,,
1988-09-16,10.4,,,
1988-09-23,10.4,,,
1988-09-30,10.42,,,
1988-10-01,,119.9,5.4,
1988-10-07,10.38,,,
1988-10-14,10.33,,,
1988-10-21,10.28,,,
1988-10-28,10.22,,,
1988-11-01,,120.3,5.3,
1988-11-04,10.12,,,
1988-11-11,10.24,,,
1988-11-18,10.31,,,
1988-11-25,10.39,,,
1988-12-01,,120.7,5.3,
1988-12-02,10.44,,,
1988-12-09,10.46,,,
1988-12-16,10.71,,,
1988-12-23,10.68,,,
1988-12-30,10.77,,,
1989-01-01,,121.2,5.4,66240.0
1989-01-06,10.8,,,
1989-01-13,10.81,,,
1989-01-20,10.71,,,
1989-01-27,10.6,,,
1989-02-01,,121.6,5.2,
1989-02-03,10.55,,,
1989-02-10,10.56,,,
1989-02-17,10.69,,,
1989-02-24,10.78,,,
1989-03-01,,122.2,5.0,
1989-03-03,10.91,,,
1989-03-10,10.86,,,
1989-03-17,10.98,,,
1989-03-24,11.22,,,
1989-03-31,11.19,,,
1989-04-01,,123.1,5.2,
1989-04-07,11.07,,,
1989-04-14,11.11,,,
1989-04-21,10.99,,,
1989-04-28,11.03,,,
1989-05-01,,123.7,5.2,
1989-05-05,10.97,,,
1989-05-12,10.93,,,
1989-05-19,10.69,,,
1989-05-26,10.5,,,
1989-06-01,,124.1,5.3,
1989-06-02,10.48,,,
1989-06-09,10.2,,,
1989-06-16,10.04,,,
1989-06-23,10.19,,,
1989-06-30,10.07,,,
1989-07-01,,124.5,5.2,
1989-07-07,10.03,,,
1989-07-14,9.82,,,
1989-07-21,9.87,,,
1989-07-28,9.81,,,
1989-08-01,,124.5,5.2,
1989-08-04,9.68,,,
1989-08-11,9.96,,,
1989-08-18,10.09,,,
1989-08-25,10.21,,,
1989-09-01,10.22,124.8,5.3,
1989-09-08,10.17,,,
1989-09-15,10.05,,,
1989-09-22,10.03,,,
1989-09-29,10.16,,,
1989-10-01,,125.4,5.3,
1989-10-06,10.1,,,
1989-10-13,9.95,,,
1989-10-20,9.92,,,
1989-10-27,9.82,,,
1989-11-01,,125.9,5.4,
1989-11-03,9.82,,,
1989-11-10,9.79,,,
1989-11-17,9.72,,,
1989-11-24,9.74,,,
1989-12-01,9.74,126.3,5.4,
1989-12-08,9.76,,,
1989-12-15,9.75,,,
1989-12-22,9.69,,,
1989-12-29,9.78,,,
1990-01-01,,127.5,5.4,65440.0
1990-01-05,9.83,,,
1990-01-12,9.8,,,
1990-01-19,9.9,,,
1990-01-26,10.05,,,
1990-02-01,,128.0,5.3,
1990-02-02,10.17,,,
1990-02-09,10.21,,,
1990-02-16,10.1,,,
1990-02-23,10.31,,,
1990-03-01,,128.6,5.2,
1990-03-02,10.23,,,
1990-03-09,10.29,,,
1990-03-16,10.34,,,
1990-03-23,10.26,,,
1990-03-30,10.22,,,
1990-04-01,,128.9,5.4,
1990-04-06,10.26,,,
1990-04-13,10.25,,,
1990-04-20,10.41,,,
1990-04-27,10.56,,,
1990-05-01,,129.1,5.4,
1990-05-04,10.67,,,
1990-05-11,10.54,,,
1990-05-18,10.37,,,
1990-05-25,10.33,,,
1990-06-01,10.29,129.9,5.2,
1990-06-08,10.1,,,
1990-06-15,10.12,,,
1990-06-22,10.16,,,
1990-06-29,10.15,,,
1990-07-01,,130.5,5.5,
1990-07-06,10.06,,,
1990-07-13,10.11,,,
1990-07-20,9.99,,,
1990-07-27,9.98,,,
1990-08-01,,131.6,5.7,
1990-08-03,9.84,,,
1990-08-10,10.08,,,
1990-08-17,10.05,,,
1990-08-24,10.29,,,
1990-08-31,10.24,,,
1990-09-01,,132.5,5.9,
1990-09-07,10.19,,,
1990-09-14,10.13,,,
1990-09-21,10.16,,,
1990-09-28,10.22,,,
1990-10-01,,133.4,5.9,
1990-10-05,10.08,,,
1990-10-12,10.22,,,
1990-10-19,10.24,,,
1990-10-26,10.17,,,
1990-11-01,,133.7,6.2,
1990-11-02,10.13,,,
1990-11-09,10.09,,,
1990-11-16,10.02,,,
1990-11-23,9.93,,,
1990-11-30,9.9,,,
1990-12-01,,134.2,6.3,
1990-12-07,9.81,,,
1990-12-14,9.56,,,
1990-12-21,9.64,,,
1990-12-28,9.68,,,
1991-01-01,,134.7,6.4,63530.0
1991-01-04,9.56,,,
1991-01-11,9.63,,,
1991-01-18,9.75,,,
1991-01-25,9.61,,,
1991-02-01,9.56,134.8,6.6,
1991-02-08,9.36,,,
1991-02-15,9.25,,,
1991-02-22,9.29,,,
1991-03-01,9.4,134.8,6.8,
1991-03-08,9.49,,,
1991-03-15,9.5,,,
1991-03-22,9.59,,,
1991-03-29,9.52,,,
1991-04-01,,135.1,6.7,
1991-04-05,9.49,,,
1991-04-12,9.48,,,
1991-04-19,9.47,,,
1991-04-26,9.53,,,
1991-05-01,,135.6,6.9,
1991-05-03,9.47,,,
1991-05-10,9.47,,,
1991-05-17,9.5,,,
1991-05-24,9.47,,,
1991-05-31,9.45,,,
1991-06-01,,136.0,6.9,
1991-06-07,9.48,,,
1991-06-14,9.66,,,
1991-06-21,9.65,,,
1991-06-28,9.67,,,
1991-07-01,,136.2,6.8,
1991-07-05,9.62,,,
1991-07-12,9.64,,,
1991-07-19,9.54,,,
1991-07-26,9.5,,,
1991-08-01,,136.6,6.9,
1991-08-02,9.44,,,
1991-08-09,9.27,,,
1991-08-16,9.19,,,
1991-08-23,9.17,,,
1991-08-30,9.15,,,
1991-09-01,,137.0,6.9,
1991-09-06,9.14,,,
1991-09-13,9.02,,,
1991-09-20,8.95,,,
1991-09-27,8.92,,,
1991-10-01,,137.2,7.0,
1991-10-04,8.87,,,
1991-10-11,8.82,,,
1991-10-18,8.82,,,
1991-10-25,8.91,,,
1991-11-01,8.78,137.8,7.0,
1991-11-08,8.76,,,
1991-11-15,8.69,,,
1991-11-22,8.63,,,
1991-11-29,8.7,,,
1991-12-01,,138.2,7.3,
1991-12-06,8.62,,,
1991-12-13,8.53,,,
1991-12-20,8.49,,,
1991-12-27,8.35,,,
1992-01-01,,138.3,7.3,63010.0
1992-01-03,8.24,,,
1992-01-10,8.23,,,
1992-01-17,8.45,,,
1992-01-24,8.56,,,
1992-01-31,8.68,,,
1992-02-01,,138.6,7.4,
1992-02-07,8.67,,,
1992-02-14,8.73,,,
1992-02-21,8.82,,,
1992-02-28,8.83,,,
1992-03-01,,139.1,7.4,
1992-03-06,8.85,,,
1992-03-13,8.88,,,
1992-03-20,9.03,,,
1992-03-27,8.98,,,
1992-04-01,,139.4,7.4,
1992-04-03,8.96,,,
1992-04-10,8.84,,,
1992-04-17,8.76,,,
1992-04-24,8.85,,,
1992-05-01,8.84,139.7,7.6,
1992-05-08,8.75,,,
1992-05-15,8.64,,,
1992-05-22,8.53,,,
1992-05-29,8.6,,,
1992-06-01,,140.1,7.8,
1992-06-05,8.59,,,
1992-06-12,8.54,,,
1992-06-19,8.48,,,
1992-06-26,8.43,,,
1992-07-01,,140.5,7.7,
1992-07-03,8.29,,,
1992-07-10,8.13,,,
1992-07-17,8.09,,,
1992-07-24,8.08,,,
1992-07-31,8.05,,,
1992-08-01,,140.8,7.6,
1992-08-07,8.06,,,
1992-08-14,7.96,,,
1992-08-21,7.87,,,
1992-08-28,8.01,,,
1992-09-01,,141.1,7.6,
1992-09-04,7.94,,,
1992-09-11,7.84,,,
1992-09-18,7.89,,,
1992-09-24,8.02,,,
1992-10-01,,141.7,7.3,
1992-10-02,7.93,,,
1992-10-09,8.01,,,
1992-10-16,8.06,,,
1992-10-23,8.23,,,
1992-10-30,8.21,,,
1992-11-01,,142.1,7.4,
1992-11-06,8.29,,,
1992-11-13,8.32,,,
1992-11-20,8.32,,,
1992-11-27,8.29,,,
1992-12-01,,142.3,7.4,
1992-12-04,8.34,,,
1992-12-11,8.23,,,
1992-12-18,8.19,,,
1992-12-25,8.13,,,
1992-12-31,8.14,,,
1993-01-01,,142.8,7.3,62700.0
1993-01-08,8.07,,,
1993-01-15,8.04,,,
1993-01-22,8.0,,,
1993-01-29,7.86,,,
1993-02-01,,143.1,7.1,
1993-02-05,7.8,,,
1993-02-12,7.75,,,
1993-02-19,7.65,,,
1993-02-26,7.53,,,
1993-03-01,,143.3,7.0,
1993-03-05,7.44,,,
1993-03-12,7.47,,,
1993-03-19,7.57,,,
1993-03-26,7.5,,,
1993-04-01,,143.8,7.1,
1993-04-02,7.53,,,
1993-04-09,7.57,,,
1993-04-16,7.45,,,
1993-04-23,7.38,,,
1993-04-30,7.43,,,
1993-05-01,,144.2,7.1,
1993-05-07,7.42,,,
1993-05-14,7.42,,,
1993-05-21,7.52,,,
1993-05-28,7.5,,,
1993-06-01,,144.3,7.0,
1993-06-04,7.47,,,
1993-06-11,7.48,,,
1993-06-18,7.38,,,
1993-06-25,7.34,,,
1993-07-01,,144.5,6.9,
1993-07-02,7.23,,,
1993-07-09,7.19,,,
1993-07-16,7.16,,,
1993-07-23,7.2,,,
1993-07-30,7.25,,,
1993-08-01,,144.8,6.8,
1993-08-06,7.21,,,
1993-08-13,7.17,,,
1993-08-20,7.1,,,
1993-08-27,6.97,,,
1993-09-01,,145.0,6.7,
1993-09-03,6.93,,,
1993-09-10,6.82,,,
1993-09-17,6.96,,,
1993-09-24,6.95,,,
1993-10-01,6.89,145.6,6.8,
1993-10-08,6.87,,,
1993-10-15,6.81,,,
1993-10-22,6.74,,,
1993-10-29,6.86,,,
1993-11-01,,146.0,6.6,
1993-11-05,7.11,,,
1993-11-12,7.12,,,
1993-11-19,7.08,,,
1993-11-26,7.31,,,
1993-12-01,,146.3,6.5,
1993-12-04,7.25,,,
1993-12-10,7.14,,,
1993-12-17,7.17,,,
1993-12-24,7.17,,,
1993-12-31,7.13,,,
1994-01-01,,146.3,6.6,63370.0
1994-01-07,7.23,,,
1994-01-14,6.99,,,
1994-01-21,7.05,,,
1994-01-28,6.97,,,
1994-02-01,,146.7,6.6,
1994-02-04,6.97,,,
1994-02-11,7.21,,,
1994-02-18,7.11,,,
1994-02-25,7.32,,,
1994-03-01,,147.1,6.5,
1994-03-04,7.51,,,
1994-03-11,7.63,,,
1994-03-18,7.76,,,
1994-03-25,7.8,,,
1994-04-01,8.04,147.2,6.4,
1994-04-08,8.47,,,
1994-04-15,8.26,,,
1994-04-22,8.49,,,
1994-04-29,8.32,,,
1994-05-01,,147.5,6.1,
1994-05-06,8.53,,,
1994-05-13,8.77,,,
1994-05-20,8.56,,,
1994-05-27,8.53,,,
1994-06-01,,147.9,6.1,
1994-06-03,8.55,,,
1994-06-10,8.25,,,
1994-06-17,8.33,,,
1994-06-24,8.46,,,
1994-07-01,8.57,148.4,6.1,
1994-07-08,8.68,,,
1994-07-15,8.72,,,
1994-07-22,8.53,,,
1994-07-29,8.57,,,
1994-08-01,,149.0,6.0,
1994-08-05,8.38,,,
1994-08-12,8.57,,,
1994-08-19,8.54,,,
1994-08-26,8.56,,,
1994-09-01,,149.3,5.9,
1994-09-02,8.48,,,
1994-09-09,8.51,,,
1994-09-16,8.66,,,
1994-09-23,8.73,,,
1994-09-30,8.82,,,
1994-10-01,,149.4,5.8,
1994-10-07,8.89,,,
1994-10-14,8.93,,,
1994-10-21,8.85,,,
1994-10-28,9.03,,,
1994-11-01,,149.8,5.6,
1994-11-04,9.05,,,
1994-11-11,9.19,,,
1994-11-18,9.19,,,
1994-11-25,9.25,,,
1994-12-01,,150.1,5.5,
1994-12-02,9.23,,,
1994-12-09,9.15,,,
1994-12-16,9.25,,,
1994-12-23,9.18,,,
1994-12-30,9.18,,,
1995-01-01,,150.5,5.6,65380.0
1995-01-06,9.22,,,
1995-01-13,9.19,,,
1995-01-20,9.05,,,
1995-01-27,9.13,,,
1995-02-01,,150.9,5.4,
1995-02-03,8.94,,,
1995-02-10,8.8,,,
1995-02-17,8.84,,,
1995-02-24,8.73,,,
1995-03-01,,151.2,5.4,
1995-03-03,8.53,,,
1995-03-10,8.62,,,
1995-03-17,8.38,,,
1995-03-24,8.4,,,
1995-03-31,8.38,,,
1995-04-01,,151.8,5.8,
1995-04-07,8.41,,,
1995-04-14,8.37,,,
1995-04-21,8.24,,,
1995-04-28,8.26,,,
1995-05-01,,152.1,5.6,
1995-05-05,8.27,,,
1995-05-12,7.87,,,
1995-05-19,7.83,,,
1995-05-26,7.85,,,
1995-06-01,,152.4,5.6,
1995-06-02,7.71,,,
1995-06-09,7.51,,,
1995-06-16,7.55,,,
1995-06-23,7.53,,,
1995-06-30,7.53,,,
1995-07-01,,152.6,5.7,
1995-07-07,7.63,,,
1995-07-14,7.41,,,
1995-07-21,7.6,,,
1995-07-28,7.79,,,
1995-08-01,,152.9,5.7,
1995-08-04,7.82,,,
1995-08-11,7.8,,,
1995-08-18,7.94,,,
1995-08-25,7.88,,,
1995-09-01,7.76,153.1,5.6,
1995-09-08,7.63,,,
1995-09-15,7.6,,,
1995-09-22,7.57,,,
1995-09-29,7.62,,,
1995-10-01,,153.5,5.5,
1995-10-06,7.57,,,
1995-10-13,7.5,,,
1995-10-20,7.38,,,
1995-10-27,7.45,,,
1995-11-01,,153.7,5.6,
1995-11-03,7.44,,,
1995-11-09,7.37,,,
1995-11-17,7.35,,,
1995-11-24,7.35,,,
1995-12-01,7.33,153.9,5.6,
1995-12-08,7.18,,,
1995-12-15,7.15,,,
1995-12-22,7.23,,,
1995-12-29,7.11,,,
1996-01-01,,154.7,5.6,66340.0
1996-01-05,7.02,,,
1996-01-12,7.08,,,
1996-01-19,7.02,,,
1996-01-26,7.0,,,
1996-02-01,,155.0,5.5,
1996-02-02,7.02,,,
1996-02-09,7.02,,,
1996-02-16,6.94,,,
1996-02-23,7.32,,,
1996-03-01,7.41,155.5,5.5,
1996-03-08,7.38,,,
1996-03-15,7.83,,,
1996-03-22,7.81,,,
1996-03-29,7.69,,,
1996-04-01,,156.1,5.6,
1996-04-05,7.78,,,
1996-04-12,8.05,,,
1996-04-19,7.95,,,
1996-04-26,7.92,,,
1996-05-01,,156.4,5.6,
1996-05-03,7.99,,,
1996-05-10,8.24,,,
1996-05-17,8.08,,,
1996-05-24,8.01,,,
1996-05-31,8.03,,,
1996-06-01,,156.7,5.3,
1996-06-07,8.3,,,
1996-06-14,8.39,,,
1996-06-21,8.3,,,
1996-06-28,8.29,,,
1996-07-01,,157.0,5.5,
1996-07-05,8.14,,,
1996-07-12,8.42,,,
1996-07-19,8.23,,,
1996-07-26,8.19,,,
1996-08-01,,157.2,5.1,
1996-08-02,8.23,,,
1996-08-09,7.88,,,
1996-08-16,7.88,,,
1996-08-23,7.93,,,
1996-08-30,8.09,,,
1996-09-01,,157.7,5.2,
1996-09-06,8.34,,,
1996-09-13,8.28,,,
1996-09-20,8.14,,,
1996-09-27,8.16,,,
1996-10-01,,158.2,5.2,
1996-10-04,8.06,,,
1996-10-11,7.86,,,
1996-10-18,7.88,,,
1996-10-25,7.86,,,
1996-11-01,7.78,158.7,5.4,
1996-11-08,7.67,,,
1996-11-15,7.59,,,
1996-11-22,7.53,,,
1996-11-29,7.52,,,
1996-12-01,,159.1,5.4,
1996-12-06,7.44,,,
1996-12-13,7.57,,,
1996-12-20,7.74,,,
1996-12-27,7.64,,,
1997-01-01,,159.4,5.3,67720.0
1997-01-03,7.67,,,
1997-01-10,7.85,,,
1997-01-17,7.87,,,
1997-01-24,7.85,,,
1997-01-31,7.88,,,
1997-02-01,,159.7,5.2,
1997-02-07,7.74,,,
1997-02-14,7.65,,,
1997-02-21,7.56,,,
1997-02-28,7.65,,,
1997-03-01,,159.8,5.2,
1997-03-07,7.84,,,
1997-03-14,7.84,,,
1997-03-21,7.94,,,
1997-03-28,7.97,,,
1997-04-01,,159.9,5.1,
1997-04-04,8.18,,,
1997-04-11,8.15,,,
1997-04-18,8.16,,,
1997-04-25,8.08,,,
1997-05-01,,159.9,4.9,
1997-05-02,8.01,,,
1997-05-09,7.94,,,
1997-05-16,7.91,,,
1997-05-23,7.92,,,
1997-05-30,7.94,,,
1997-06-01,,160.2,5.0,
1997-06-06,7.85,,,
1997-06-13,7.72,,,
1997-06-20,7.61,,,
1997-06-27,7.58,,,
1997-07-01,,160.4,4.9,
1997-07-04,7.62,,,
1997-07-11,7.47,,,
1997-07-18,7.47,,,
1997-07-25,7.43,,,
1997-08-01,7.36,160.8,4.8,
1997-08-08,7.46,,,
1997-08-15,7.54,,,
1997-08-22,7.46,,,
1997-08-29,7.58,,,
1997-09-01,,161.2,4.9,
1997-09-05,7.53,,,
1997-09-12,7.53,,,
1997-09-19,7.38,,,
1997-09-26,7.28,,,
1997-10-01,,161.5,4.7,
1997-10-03,7.31,,,
1997-10-10,7.26,,,
1997-10-17,7.34,,,
1997-10-24,7.35,,,
1997-10-31,7.21,,,
1997-11-01,,161.7,4.6,
1997-11-07,7.24,,,
1997-11-14,7.23,,,
1997-11-21,7.18,,,
1997-11-28,7.17,,,
1997-12-01,,161.8,4.7,
1997-12-05,7.15,,,
1997-12-12,7.17,,,
1997-12-19,7.07,,,
1997-12-26,6.99,,,
1998-01-01,,162.0,4.6,70200.0
1998-01-02,7.03,,,
1998-01-09,6.94,,,
1998-01-16,6.89,,,
1998-01-23,6.99,,,
1998-01-30,7.12,,,
1998-02-01,,162.0,4.6,
1998-02-06,7.03,,,
1998-02-13,7.06,,,
1998-02-20,6.99,,,
1998-02-28,7.09,,,
1998-03-01,,162.0,4.7,
1998-03-06,7.19,,,
1998-03-13,7.16,,,
1998-03-20,7.08,,,
1998-03-27,7.08,,,
1998-04-01,,162.2,4.3,
1998-04-03,7.15,,,
1998-04-10,7.09,,,
1998-04-17,7.17,,,
1998-04-24,7.15,,,
1998-05-01,7.22,162.6,4.4,
1998-05-08,7.14,,,
1998-05-15,7.19,,,
1998-05-22,7.1,,,
1998-05-29,7.07,,,
1998-06-01,,162.8,4.5,
1998-06-05,7.05,,,
1998-06-12,7.04,,,
1998-06-19,6.94,,,
1998-06-26,6.96,,,
1998-07-01,,163.2,4.5,
1998-07-03,6.98,,,
1998-07-10,6.91,,,
1998-07-17,6.94,,,
1998-07-24,6.96,,,
1998-07-31,6.97,,,
1998-08-01,,163.4,4.5,
1998-08-07,6.94,,,
1998-08-14,6.91,,,
1998-08-21,6.92,,,
1998-08-28,6.92,,,
1998-09-01,,163.5,4.6,
1998-09-04,6.82,,,
1998-09-11,6.77,,,
1998-09-18,6.66,,,
1998-09-25,6.64,,,
1998-10-01,,163.9,4.5,
1998-10-02,6.6,,,
1998-10-09,6.49,,,
1998-10-16,6.9,,,
1998-10-23,6.73,,,
1998-10-30,6.83,,,
1998-11-01,,164.1,4.4,
1998-11-06,6.89,,,
1998-11-13,6.93,,,
1998-11-20,6.86,,,
1998-11-27,6.78,,,
1998-12-01,,164.4,4.4,
1998-12-04,6.71,,,
1998-12-11,6.69,,,
1998-12-18,6.69,,,
1998-12-25,6.77,,,
1998-12-31,6.83,,,
1999-01-01,,164.7,4.3,71980.0
1999-01-08,6.79,,,
1999-01-15,6.83,,,
1999-01-22,6.78,,,
1999-01-29,6.74,,,
1999-02-01,,164.7,4.4,
1999-02-05,6.75,,,
1999-02-12,6.77,,,
1999-02-19,6.82,,,
1999-02-26,6.89,,,
1999-03-01,,164.8,4.2,
1999-03-05,7.06,,,
1999-03-12,7.11,,,
1999-03-19,7.01,,,
1999-03-26,6.98,,,
1999-04-01,,165.9,4.3,
1999-04-02,6.98,,,
1999-04-09,6.92,,,
1999-04-16,6.87,,,
1999-04-23,6.88,,,
1999-04-30,6.93,,,
1999-05-01,,166.0,4.2,
1999-05-07,7.02,,,
1999-05-14,7.1,,,
1999-05-21,7.23,,,
1999-05-28,7.23,,,
1999-06-01,,166.0,4.3,
1999-06-04,7.41,,,
1999-06-11,7.51,,,
1999-06-18,7.65,,,
1999-06-25,7.63,,,
1999-07-01,,166.7,4.3,
1999-07-02,7.71,,,
1999-07-09,7.65,,,
1999-07-16,7.58,,,
1999-07-23,7.52,,,
1999-07-30,7.7,,,
1999-08-01,,167.1,4.2,
1999-08-06,7.89,,,
1999-08-13,8.15,,,
1999-08-20,7.93,,,
1999-08-27,7.8,,,
1999-09-01,,167.8,4.2,
1999-09-03,7.83,,,
1999-09-10,7.88,,,
1999-09-17,7.82,,,
1999-09-24,7.76,,,
1999-10-01,7.7,168.1,4.1,
1999-10-08,7.82,,,
1999-10-15,7.85,,,
1999-10-22,7.93,,,
1999-10-29,7.96,,,
1999-11-01,,168.4,4.1,
1999-11-05,7.84,,,
1999-11-12,7.67,,,
1999-11-19,7.69,,,
1999-11-26,7.75,,,
1999-12-01,,168.8,4.0,
1999-12-03,7.84,,,
1999-12-10,7.84,,,
1999-12-17,7.86,,,
1999-12-24,7.96,,,
1999-12-31,8.06,,,
2000-01-01,,169.3,4.0,71790.0
2000-01-07,8.15,,,
2000-01-14,8.18,,,
2000-01-21,8.26,,,
2000-01-28,8.25,,,
2000-02-01,,170.0,4.1,
2000-02-04,8.25,,,
2000-02-11,8.36,,,
2000-02-18,8.38,,,
2000-02-25,8.31,,,
2000-03-01,,171.0,4.0,
2000-03-03,8.27,,,
2000-03-10,8.23,,,
2000-03-17,8.24,,,
2000-03-24,8.23,,,
2000-03-31,8.23,,,
2000-04-01,,170.9,3.8,
2000-04-07,8.2,,,
2000-04-14,8.12,,,
2000-04-21,8.16,,,
2000-04-28,8.13,,,
2000-05-01,,171.2,4.0,
2000-05-05,8.28,,,
2000-05-12,8.52,,,
2000-05-19,8.64,,,
2000-05-26,8.62,,,
2000-06-01,,172.2,4.0,
2000-06-02,8.54,,,
2000-06-09,8.32,,,
2000-06-16,8.22,,,
2000-06-23,8.14,,,
2000-06-30,8.22,,,
2000-07-01,,172.7,4.0,
2000-07-07,8.16,,,
2000-07-14,8.09,,,
2000-07-21,8.21,,,
2000-07-28,8.13,,,
2000-08-01,,172.7,4.1,
2000-08-04,8.12,,,
2000-08-11,8.04,,,
2000-08-18,7.96,,,
2000-08-25,7.99,,,
2000-09-01,7.96,173.6,3.9,
2000-09-08,7.94,,,
2000-09-15,7.88,,,
2000-09-22,7.9,,,
2000-09-29,7.88,,,
2000-10-01,,173.9,3.9,
2000-10-06,7.83,,,
2000-10-13,7.84,,,
2000-10-20,7.83,,,
2000-10-27,7.68,,,
2000-11-01,,174.2,3.9,
2000-11-03,7.73,,,
2000-11-10,7.79,,,
2000-11-17,7.73,,,
2000-11-24,7.73,,,
2000-12-01,7.65,174.6,3.9,
2000-12-08,7.54,,,
2000-12-15,7.42,,,
2000-12-22,7.17,,,
2000-12-29,7.13,,,
2001-01-01,,175.6,4.2,70610.0
2001-01-05,7.07,,,
2001-01-12,6.89,,,
2001-01-19,7.02,,,
2001-01-26,7.15,,,
2001-02-01,,176.0,4.2,
2001-02-02,7.09,,,
2001-02-09,6.98,,,
2001-02-16,7.01,,,
2001-02-23,7.12,,,
2001-03-01,,176.1,4.3,
2001-03-02,7.03,,,
2001-03-09,6.97,,,
2001-03-16,6.96,,,
2001-03-23,6.89,,,
2001-03-30,6.91,,,
2001-04-01,,176.4,4.4,
2001-04-06,7.01,,,
2001-04-13,7.04,,,
2001-04-20,7.14,,,
2001-04-27,7.12,,,
2001-05-01,,177.3,4.3,
2001-05-04,7.14,,,
2001-05-11,7.1,,,
2001-05-18,7.14,,,
2001-05-25,7.2,,,
2001-06-01,7.24,177.7,4.5,
2001-06-08,7.2,,,
2001-06-15,7.14,,,
2001-06-22,7.11,,,
2001-06-29,7.11,,,
2001-07-01,,177.4,4.6,
2001-07-06,7.19,,,
2001-07-13,7.21,,,
2001-07-20,7.08,,,
2001-07-27,7.03,,,
2001-08-01,,177.4,4.9,
2001-08-03,7.0,,,
2001-08-10,7.0,,,
2001-08-17,6.92,,,
2001-08-24,6.91,,,
2001-08-31,6.92,,,
2001-09-01,,178.1,5.0,
2001-09-07,6.89,,,
2001-09-14,6.86,,,
2001-09-21,6.8,,,
2001-09-28,6.72,,,
2001-10-01,,177.6,5.3,
2001-10-05,6.64,,,
2001-10-12,6.58,,,
2001-10-19,6.61,,,
2001-10-26,6.64,,,
2001-11-01,,177.5,5.5,
2001-11-02,6.56,,,
2001-11-09,6.45,,,
2001-11-16,6.51,,,
2001-11-23,6.75,,,
2001-11-30,7.02,,,
2001-12-01,,177.4,5.7,
2001-12-07,6.84,,,
2001-12-14,7.09,,,
2001-12-21,7.17,,,
2001-12-28,7.16,,,
2002-01-01,,177.7,5.7,70040.0
2002-01-04,7.14,,,
2002-01-11,7.06,,,
2002-01-18,6.83,,,
2002-01-25,6.96,,,
2002-02-01,7.02,178.0,5.7,
2002-02-08,6.88,,,
2002-02-15,6.86,,,
2002-02-22,6.81,,,
2002-03-01,6.8,178.5,5.7,
2002-03-08,6.87,,,
2002-03-15,7.08,,,
2002-03-22,7.14,,,
2002-03-29,7.18,,,
2002-04-01,,179.3,5.9,
2002-04-05,7.13,,,
2002-04-12,6.99,,,
2002-04-19,6.94,,,
2002-04-26,6.88,,,
2002-05-01,,179.5,5.8,
2002-05-03,6.78,,,
2002-05-10,6.79,,,
2002-05-17,6.89,,,
2002-05-24,6.81,,,
2002-05-31,6.76,,,
2002-06-01,,179.6,5.8,
2002-06-07,6.71,,,
2002-06-14,6.71,,,
2002-06-21,6.63,,,
2002-06-28,6.55,,,
2002-07-01,,180.0,5.8,
2002-07-05,6.57,,,
2002-07-12,6.54,,,
2002-07-19,6.49,,,
2002-07-26,6.34,,,
2002-08-01,,180.5,5.7,
2002-08-02,6.43,,,
2002-08-09,6.31,,,
2002-08-16,6.22,,,
2002-08-23,6.27,,,
2002-08-30,6.22,,,
2002-09-01,,180.8,5.7,
2002-09-06,6.15,,,
2002-09-13,6.18,,,
2002-09-20,6.05,,,
2002-09-27,5.99,,,
2002-10-01,,181.2,5.7,
2002-10-04,6.01,,,
2002-10-11,5.98,,,
2002-10-18,6.15,,,
2002-10-25,6.31,,,
2002-11-01,6.13,181.5,5.9,
2002-11-08,6.11,,,
2002-11-15,5.94,,,
2002-11-22,6.03,,,
2002-11-29,6.13,,,
2002-12-01,,181.8,6.0,
2002-12-06,6.19,,,
2002-12-13,6.04,,,
2002-12-20,6.03,,,
2002-12-27,5.93,,,
2003-01-01,,182.6,5.8,70080.0
2003-01-03,5.85,,,
2003-01-10,5.95,,,
2003-01-17,5.97,,,
2003-01-24,5.91,,,
2003-01-31,5.9,,,
2003-02-01,,183.6,5.9,
2003-02-07,5.88,,,
2003-02-14,5.86,,,
2003-02-21,5.84,,,
2003-02-28,5.79,,,
2003-03-01,,183.9,5.9,
2003-03-07,5.67,,,
2003-03-14,5.61,,,
2003-03-21,5.79,,,
2003-03-28,5.91,,,
2003-04-01,,183.2,6.0,
2003-04-04,5.79,,,
2003-04-11,5.85,,,
2003-04-18,5.82,,,
2003-04-25,5.79,,,
2003-05-01,,182.9,6.1,
2003-05-02,5.7,,,
2003-05-09,5.62,,,
2003-05-16,5.45,,,
2003-05-23,5.34,,,
2003-05-30,5.31,,,
2003-06-01,,183.1,6.3,
2003-06-06,5.26,,,
2003-06-13,5.21,,,
2003-06-20,5.21,,,
2003-06-27,5.24,,,
2003-07-01,,183.7,6.2,
2003-07-04,5.4,,,
2003-07-11,5.52,,,
2003-07-18,5.67,,,
2003-07-25,5.94,,,
2003-08-01,6.14,184.5,6.1,
2003-08-08,6.34,,,
2003-08-15,6.24,,,
2003-08-22,6.28,,,
2003-08-29,6.32,,,
2003-09-01,,185.1,6.1,
2003-09-05,6.44,,,
2003-09-12,6.16,,,
2003-09-19,6.01,,,
2003-09-26,5.98,,,
2003-10-01,,184.9,6.0,
2003-10-03,5.77,,,
2003-10-10,5.95,,,
2003-10-17,6.05,,,
2003-10-24,6.05,,,
2003-10-31,5.94,,,
2003-11-01,,185.0,5.8,
2003-11-07,5.98,,,
2003-11-14,6.03,,,
2003-11-21,5.83,,,
2003-11-28,5.89,,,
2003-12-01,,185.5,5.7,
2003-12-05,6.02,,,
2003-12-12,5.88,,,
2003-12-19,5.82,,,
2003-12-26,5.81,,,
2003-12-31,5.85,,,
2004-01-01,,186.3,5.7,69970.0
2004-01-08,5.87,,,
2004-01-15,5.66,,,
2004-01-22,5.64,,,
2004-01-29,5.68,,,
2004-02-01,,186.7,5.6,
2004-02-05,5.72,,,
2004-02-12,5.66,,,
2004-02-19,5.58,,,
2004-02-26,5.58,,,
2004-03-01,,187.1,5.8,
2004-03-04,5.59,,,
2004-03-11,5.41,,,
2004-03-18,5.38,,,
2004-03-25,5.4,,,
2004-04-01,5.52,187.4,5.6,
2004-04-08,5.79,,,
2004-04-15,5.89,,,
2004-04-22,5.94,,,
2004-04-29,6.01,,,
2004-05-01,,188.2,5.6,
2004-05-06,6.12,,,
2004-05-13,6.34,,,
2004-05-20,6.3,,,
2004-05-27,6.32,,,
2004-06-01,,188.9,5.6,
2004-06-03,6.28,,,
2004-06-10,6.3,,,
2004-06-17,6.32,,,
2004-06-24,6.25,,,
2004-07-01,6.21,189.1,5.5,
2004-07-08,6.01,,,
2004-07-15,6.0,,,
2004-07-22,5.98,,,
2004-07-29,6.08,,,
2004-08-01,,189.2,5.4,
2004-08-05,5.99,,,
2004-08-12,5.85,,,
2004-08-19,5.81,,,
2004-08-26,5.82,,,
2004-09-01,,189.8,5.4,
2004-09-02,5.77,,,
2004-09-09,5.83,,,
2004-09-16,5.75,,,
2004-09-23,5.7,,,
2004-09-30,5.72,,,
2004-10-01,,190.8,5.5,
2004-10-07,5.82,,,
2004-10-14,5.74,,,
2004-10-21,5.69,,,
2004-10-28,5.64,,,
2004-11-01,,191.7,5.4,
2004-11-04,5.7,,,
2004-11-11,5.76,,,
2004-11-18,5.74,,,
2004-11-24,5.72,,,
2004-12-01,,191.7,5.4,
2004-12-02,5.81,,,
2004-12-09,5.71,,,
2004-12-16,5.68,,,
2004-12-22,5.75,,,
2004-12-29,5.81,,,
2005-01-01,,191.6,5.3,71060.0
2005-01-06,5.77,,,
2005-01-13,5.74,,,
2005-01-20,5.67,,,
2005-01-27,5.66,,,
2005-02-01,,192.4,5.4,
2005-02-03,5.63,,,
2005-02-10,5.57,,,
2005-02-17,5.62,,,
2005-02-24,5.69,,,
2005-03-01,,193.1,5.2,
2005-03-03,5.79,,,
2005-03-10,5.85,,,
2005-03-17,5.95,,,
2005-03-24,6.01,,,
2005-03-31,6.04,,,
2005-04-01,,193.7,5.2,
2005-04-07,5.93,,,
2005-04-14,5.91,,,
2005-04-21,5.8,,,
2005-04-28,5.78,,,
2005-05-01,,193.6,5.1,
2005-05-05,5.75,,,
2005-05-12,5.77,,,
2005-05-19,5.71,,,
2005-05-26,5.65,,,
2005-06-01,,193.7,5.0,
2005-06-02,5.62,,,
2005-06-09,5.56,,,
2005-06-16,5.63,,,
2005-06-23,5.57,,,
2005-06-30,5.53,,,
2005-07-01,,194.9,5.0,
2005-07-07,5.62,,,
2005-07-14,5.66,,,
2005-07-21,5.73,,,
2005-07-28,5.77,,,
2005-08-01,,196.1,4.9,
2005-08-04,5.82,,,
2005-08-11,5.89,,,
2005-08-18,5.8,,,
2005-08-25,5.77,,,
2005-09-01,5.71,198.8,5.0,
2005-09-08,5.71,,,
2005-09-15,5.74,,,
2005-09-22,5.8,,,
2005-09-29,5.91,,,
2005-10-01,,199.1,5.0,
2005-10-06,5.98,,,
2005-10-13,6.03,,,
2005-10-20,6.1,,,
2005-10-27,6.15,,,
2005-11-01,,198.1,5.0,
2005-11-03,6.31,,,
2005-11-10,6.36,,,
2005-11-17,6.37,,,
2005-11-23,6.28,,,
2005-12-01,6.26,198.1,4.9,
2005-12-08,6.32,,,
2005-12-15,6.3,,,
2005-12-22,6.26,,,
2005-12-29,6.22,,,
2006-01-01,,199.3,4.7,71850.0
2006-01-05,6.21,,,
2006-01-12,6.15,,,
2006-01-19,6.1,,,
2006-01-26,6.12,,,
2006-02-01,,199.4,4.8,
2006-02-02,6.23,,,
2006-02-09,6.24,,,
2006-02-16,6.28,,,
2006-02-23,6.26,,,
2006-03-01,,199.7,4.7,
2006-03-02,6.24,,,
2006-03-09,6.37,,,
2006-03-16,6.34,,,
2006-03-23,6.32,,,
2006-03-30,6.35,,,
2006-04-01,,200.7,4.7,
2006-04-06,6.43,,,
2006-04-13,6.49,,,
2006-04-20,6.53,,,
2006-04-27,6.58,,,
2006-05-01,,201.3,4.6,
2006-05-04,6.59,,,
2006-05-11,6.58,,,
2006-05-18,6.6,,,
2006-05-25,6.62,,,
2006-06-01,6.67,201.8,4.6,
2006-06-08,6.62,,,
2006-06-15,6.63,,,
2006-06-22,6.71,,,
2006-06-29,6.78,,,
2006-07-01,,202.9,4.7,
2006-07-06,6.79,,,
2006-07-13,6.74,,,
2006-07-20,6.8,,,
2006-07-27,6.72,,,
2006-08-01,,203.8,4.7,
2006-08-03,6.63,,,
2006-08-10,6.55,,,
2006-08-17,6.52,,,
2006-08-24,6.48,,,
2006-08-31,6.44,,,
2006-09-01,,202.8,4.5,
2006-09-07,6.47,,,
2006-09-14,6.43,,,
2006-09-21,6.4,,,
2006-09-28,6.31,,,
2006-10-01,,201.9,4.4,
2006-10-05,6.3,,,
2006-10-12,6.37,,,
2006-10-19,6.36,,,
2006-10-26,6.4,,,
2006-11-01,,202.0,4.5,
2006-11-02,6.31,,,
2006-11-09,6.33,,,
2006-11-16,6.24,,,
2006-11-22,6.18,,,
2006-11-30,6.14,,,
2006-12-01,,203.1,4.4,
2006-12-07,6.11,,,
2006-12-14,6.12,,,
2006-12-21,6.13,,,
2006-12-28,6.18,,,
2007-01-01,,203.437,4.6,73010.0
2007-01-04,6.18,,,
2007-01-11,6.21,,,
2007-01-18,6.23,,,
2007-01-25,6.25,,,
2007-02-01,6.34,204.226,4.5,
2007-02-08,6.28,,,
2007-02-15,6.3,,,
2007-02-22,6.22,,,
2007-03-01,6.18,205.288,4.4,
2007-03-08,6.14,,,
2007-03-15,6.14,,,
2007-03-22,6.16,,,
2007-03-29,6.16,,,
2007-04-01,,205.904,4.5,
2007-04-05,6.17,,,
2007-04-12,6.22,,,
2007-04-19,6.17,,,
2007-04-26,6.16,,,
2007-05-01,,206.755,4.4,
2007-05-03,6.16,,,
2007-05-10,6.15,,,
2007-05-17,6.21,,,
2007-05-24,6.37,,,
2007-05-31,6.42,,,
2007-06-01,,207.234,4.6,
2007-06-07,6.53,,,
2007-06-14,6.74,,,
2007-06-21,6.69,,,
2007-06-28,6.67,,,
2007-07-01,,207.603,4.7,
2007-07-05,6.63,,,
2007-07-12,6.73,,,
2007-07-19,6.73,,,
2007-07-26,6.69,,,
2007-08-01,,207.667,4.6,
2007-08-02,6.68,,,
2007-08-09,6.59,,,
2007-08-16,6.62,,,
2007-08-23,6.52,,,
2007-08-30,6.45,,,
2007-09-01,,208.547,4.7,
2007-09-06,6.46,,,
2007-09-13,6.31,,,
2007-09-20,6.34,,,
2007-09-27,6.42,,,
2007-10-01,,209.19,4.7,
2007-10-04,6.37,,,
2007-10-11,6.4,,,
2007-10-18,6.4,,,
2007-10-25,6.33,,,
2007-11-01,6.26,210.834,4.7,
2007-11-08,6.24,,,
2007-11-15,6.24,,,
2007-11-21,6.2,,,
2007-11-29,6.1,,,
2007-12-01,,211.445,5.0,
2007-12-06,5.96,,,
2007-12-13,6.11,,,
2007-12-20,6.14,,,
2007-12-27,6.17,,,
2008-01-01,,212.174,5.0,70520.0
2008-01-03,6.07,,,
2008-01-10,5.87,,,
2008-01-17,5.69,,,
2008-01-24,5.48,,,
2008-01-31,5.68,,,
2008-02-01,,212.687,4.9,
2008-02-07,5.67,,,
2008-02-14,5.72,,,
2008-02-21,6.04,,,
2008-02-28,6.24,,,
2008-03-01,,213.448,5.1,
2008-03-06,6.03,,,
2008-03-13,6.13,,,
2008-03-20,5.87,,,
2008-03-27,5.85,,,
2008-04-01,,213.942,5.0,
2008-04-03,5.88,,,
2008-04-10,5.88,,,
2008-04-17,5.88,,,
2008-04-24,6.03,,,
2008-05-01,6.06,215.208,5.4,
2008-05-08,6.05,,,
2008-05-15,6.01,,,
2008-05-22,5.98,,,
2008-05-29,6.08,,,
2008-06-01,,217.463,5.6,
2008-06-05,6.09,,,
2008-06-12,6.32,,,
2008-06-19,6.42,,,
2008-06-26,6.45,,,
2008-07-01,,219.016,5.8,
2008-07-03,6.35,,,
2008-07-10,6.37,,,
2008-07-17,6.26,,,
2008-07-24,6.63,,,
2008-07-31,6.52,,,
2008-08-01,,218.69,6.1,
2008-08-07,6.52,,,
2008-08-14,6.52,,,
2008-08-21,6.47,,,
2008-08-28,6.4,,,
2008-09-01,,218.877,6.1,
2008-09-04,6.35,,,
2008-09-11,5.93,,,
2008-09-18,5.78,,,
2008-09-25,6.09,,,
2008-10-01,,216.995,6.5,
2008-10-02,6.1,,,
2008-10-09,5.94,,,
2008-10-16,6.46,,,
2008-10-23,6.04,,,
2008-10-30,6.46,,,
2008-11-01,,213.153,6.8,
2008-11-06,6.2,,,
2008-11-13,6.14,,,
2008-11-20,6.04,,,
2008-11-26,5.97,,,
2008-12-01,,211.398,7.3,
2008-12-04,5.53,,,
2008-12-11,5.47,,,
2008-12-18,5.19,,,
2008-12-24,5.14,,,
2008-12-31,5.1,,,
2009-01-01,,211.933,7.8,70070.0
2009-01-08,5.01,,,
2009-01-15,4.96,,,
2009-01-22,5.12,,,
2009-01-29,5.1,,,
2009-02-01,,212.705,8.3,
2009-02-05,5.25,,,
2009-02-12,5.16,,,
2009-02-19,5.04,,,
2009-02-26,5.07,,,
2009-03-01,,212.495,8.7,
2009-03-05,5.15,,,
2009-03-12,5.03,,,
2009-03-19,4.98,,,
2009-03-26,4.85,,,
2009-04-01,,212.709,9.0,
2009-04-02,4.78,,,
2009-04-09,4.87,,,
2009-04-16,4.82,,,
2009-04-23,4.8,,,
2009-04-30,4.78,,,
2009-05-01,,213.022,9.4,
2009-05-07,4.84,,,
2009-05-14,4.86,,,
2009-05-21,4.82,,,
2009-05-28,4.91,,,
2009-06-01,,214.79,9.5,
2009-06-04,5.29,,,
2009-06-11,5.59,,,
2009-06-18,5.38,,,
2009-06-25,5.42,,,
2009-07-01,,214.726,9.5,
2009-07-02,5.32,,,
2009-07-09,5.2,,,
2009-07-16,5.14,,,
2009-07-23,5.2,,,
2009-07-30,5.25,,,
2009-08-01,,215.445,9.6,
2009-08-06,5.22,,,
2009-08-13,5.29,,,
2009-08-20,5.12,,,
2009-08-27,5.14,,,
2009-09-01,,215.861,9.8,
2009-09-03,5.08,,,
2009-09-10,5.07,,,
2009-09-17,5.04,,,
2009-09-24,5.04,,,
2009-10-01,4.94,216.509,10.0,
2009-10-08,4.87,,,
2009-10-15,4.92,,,
2009-10-22,5.0,,,
2009-10-29,5.03,,,
2009-11-01,,217.234,9.9,
2009-11-05,4.98,,,
2009-11-12,4.91,,,
2009-11-19,4.83,,,
2009-11-25,4.78,,,
2009-12-01,,217.347,9.9,
2009-12-03,4.71,,,
2009-12-10,4.81,,,
2009-12-17,4.94,,,
2009-12-24,5.05,,,
2009-12-31,5.14,,,
2010-01-01,,217.488,9.8,68420.0
2010-01-07,5.09,,,
2010-01-14,5.06,,,
2010-01-21,4.99,,,
2010-01-28,4.98,,,
2010-02-01,,217.281,9.8,
2010-02-04,5.01,,,
2010-02-11,4.97,,,
2010-02-18,4.93,,,
2010-02-25,5.05,,,
2010-03-01,,217.353,9.9,
2010-03-04,4.97,,,
2010-03-11,4.95,,,
2010-03-18,4.96,,,
2010-03-25,4.99,,,
2010-04-01,5.08,217.403,9.9,
2010-04-08,5.21,,,
2010-04-15,5.07,,,
2010-04-22,5.07,,,
2010-04-29,5.06,,,
2010-05-01,,217.29,9.6,
2010-05-06,5.0,,,
2010-05-13,4.93,,,
2010-05-20,4.84,,,
2010-05-27,4.78,,,
2010-06-01,,217.199,9.4,
2010-06-03,4.79,,,
2010-06-10,4.72,,,
2010-06-17,4.75,,,
2010-06-24,4.69,,,
2010-07-01,4.58,217.605,9.4,
2010-07-08,4.57,,,
2010-07-15,4.57,,,
2010-07-22,4.56,,,
2010-07-29,4.54,,,
2010-08-01,,217.923,9.5,
2010-08-05,4.49,,,
2010-08-12,4.44,,,
2010-08-19,4.42,,,
2010-08-26,4.36,,,
2010-09-01,,218.275,9.5,
2010-09-02,4.32,,,
2010-09-09,4.35,,,
2010-09-16,4.37,,,
2010-09-23,4.37,,,
2010-09-30,4.32,,,
2010-10-01,,219.035,9.4,
2010-10-07,4.27,,,
2010-10-14,4.19,,,
2010-10-21,4.21,,,
2010-10-28,4.23,,,
2010-11-01,,219.59,9.8,
2010-11-04,4.24,,,
2010-11-11,4.17,,,
2010-11-18,4.39,,,
2010-11-24,4.4,,,
2010-12-01,,220.472,9.3,
2010-12-02,4.46,,,
2010-12-09,4.61,,,
2010-12-16,4.83,,,
2010-12-23,4.81,,,
2010-12-30,4.86,,,
2011-01-01,,221.187,9.1,67410.0
2011-01-06,4.77,,,
2011-01-13,4.71,,,
2011-01-20,4.74,,,
2011-01-27,4.8,,,
2011-02-01,,221.898,9.0,
2011-02-03,4.81,,,
2011-02-10,5.05,,,
2011-02-17,5.0,,,
2011-02-24,4.95,,,
2011-03-01,,223.046,9.0,
2011-03-03,4.87,,,
2011-03-10,4.88,,,
2011-03-17,4.76,,,
2011-03-24,4.81,,,
2011-03-31,4.86,,,
2011-04-01,,224.093,9.1,
2011-04-07,4.87,,,
2011-04-14,4.91,,,
2011-04-21,4.8,,,
2011-04-28,4.78,,,
2011-05-01,,224.806,9.0,
2011-05-05,4.71,,,
2011-05-12,4.63,,,
2011-05-19,4.61,,,
2011-05-26,4.6,,,
2011-06-01,,224.806,9.1,
2011-06-02,4.55,,,
2011-06-09,4.49,,,
2011-06-16,4.5,,,
2011-06-23,4.5,,,
2011-06-30,4.51,,,
2011-07-01,,225.395,9.0,
2011-07-07,4.6,,,
2011-07-14,4.51,,,
2011-07-21,4.52,,,
2011-07-28,4.55,,,
2011-08-01,,226.106,9.0,
2011-08-04,4.39,,,
2011-08-11,4.32,,,
2011-08-18,4.15,,,
2011-08-25,4.22,,,
2011-09-01,4.22,226.597,9.0,
2011-09-08,4.12,,,
2011-09-15,4.09,,,
2011-09-22,4.09,,,
2011-09-29,4.01,,,
2011-10-01,,226.75,8.8,
2011-10-06,3.94,,,
2011-10-13,4.12,,,
2011-10-20,4.11,,,
2011-10-27,4.1,,,
2011-11-01,,227.169,8.6,
2011-11-03,4.0,,,
2011-11-10,3.99,,,
2011-11-17,4.0,,,
2011-11-23,3.98,,,
2011-12-01,4.0,227.223,8.5,
2011-12-08,3.99,,,
2011-12-15,3.94,,,
2011-12-22,3.91,,,
2011-12-29,3.95,,,
2012-01-01,,227.842,8.3,67400.0
2012-01-05,3.91,,,
2012-01-12,3.89,,,
2012-01-19,3.88,,,
2012-01-26,3.98,,,
2012-02-01,,228.329,8.3,
2012-02-02,3.87,,,
2012-02-09,3.87,,,
2012-02-16,3.87,,,
2012-02-23,3.95,,,
2012-03-01,3.9,228.807,8.2,
2012-03-08,3.88,,,
2012-03-15,3.92,,,
2012-03-22,4.08,,,
2012-03-29,3.99,,,
2012-04-01,,229.187,8.2,
2012-04-05,3.98,,,
2012-04-12,3.88,,,
2012-04-19,3.9,,,
2012-04-26,3.88,,,
2012-05-01,,228.713,8.2,
2012-05-03,3.84,,,
2012-05-10,3.83,,,
2012-05-17,3.79,,,
2012-05-24,3.78,,,
2012-05-31,3.75,,,
2012-06-01,,228.524,8.2,
2012-06-07,3.67,,,
2012-06-14,3.71,,,
2012-06-21,3.66,,,
2012-06-28,3.66,,,
2012-07-01,,228.59,8.2,
2012-07-05,3.62,,,
2012-07-12,3.56,,,
2012-07-19,3.53,,,
2012-07-26,3.49,,,
2012-08-01,,229.918,8.1,
2012-08-02,3.55,,,
2012-08-09,3.59,,,
2012-08-16,3.62,,,
2012-08-23,3.66,,,
2012-08-30,3.59,,,
2012-09-01,,231.015,7.8,
2012-09-06,3.55,,,
2012-09-13,3.55,,,
2012-09-20,3.49,,,
2012-09-27,3.4,,,
2012-10-01,,231.638,7.8,
2012-10-04,3.36,,,
2012-10-11,3.39,,,
2012-10-18,3.37,,,
2012-10-25,3.41,,,
2012-11-01,3.39,231.249,7.7,
2012-11-08,3.4,,,
2012-11-15,3.34,,,
2012-11-21,3.31,,,
2012-11-29,3.32,,,
2012-12-01,,231.221,7.9,
2012-12-06,3.34,,,
2012-12-13,3.32,,,
2012-12-20,3.37,,,
2012-12-27,3.35,,,
2013-01-01,,231.679,8.0,69950.0
2013-01-03,3.34,,,
2013-01-10,3.4,,,
2013-01-17,3.38,,,
2013-01-24,3.42,,,
2013-01-31,3.53,,,
2013-02-01,,232.937,7.7,
2013-02-07,3.53,,,
2013-02-14,3.53,,,
2013-02-21,3.56,,,
2013-02-28,3.51,,,
2013-03-01,,232.282,7.5,
2013-03-07,3.52,,,
2013-03-14,3.63,,,
2013-03-21,3.54,,,
2013-03-28,3.57,,,
2013-04-01,,231.797,7.6,
2013-04-04,3.54,,,
2013-04-11,3.43,,,
2013-04-18,3.41,,,
2013-04-25,3.4,,,
2013-05-01,,231.893,7.5,
2013-05-02,3.35,,,
2013-05-09,3.42,,,
2013-05-16,3.51,,,
2013-05-23,3.59,,,
2013-05-30,3.81,,,
2013-06-01,,232.445,7.5,
2013-06-06,3.91,,,
2013-06-13,3.98,,,
2013-06-20,3.93,,,
2013-06-27,4.46,,,
2013-07-01,,232.9,7.3,
2013-07-03,4.29,,,
2013-07-11,4.51,,,
2013-07-18,4.37,,,
2013-07-25,4.31,,,
2013-08-01,4.39,233.456,7.2,
2013-08-08,4.4,,,
2013-08-15,4.4,,,
2013-08-22,4.58,,,
2013-08-29,4.51,,,
2013-09-01,,233.544,7.2,
2013-09-05,4.57,,,
2013-09-12,4.57,,,
2013-09-19,4.5,,,
2013-09-26,4.32,,,
2013-10-01,,233.669,7.2,
2013-10-03,4.22,,,
2013-10-10,4.23,,,
2013-10-17,4.28,,,
2013-10-24,4.13,,,
2013-10-31,4.1,,,
2013-11-01,,234.1,6.9,
2013-11-07,4.16,,,
2013-11-14,4.35,,,
2013-11-21,4.22,,,
2013-11-27,4.29,,,
2013-12-01,,234.719,6.7,
2013-12-05,4.46,,,
2013-12-12,4.42,,,
2013-12-19,4.47,,,
2013-12-26,4.48,,,
2014-01-01,,235.288,6.6,69060.0
2014-01-02,4.53,,,
2014-01-09,4.51,,,
2014-01-16,4.41,,,
2014-01-23,4.39,,,
2014-01-30,4.32,,,
2014-02-01,,235.547,6.7,
2014-02-06,4.23,,,
2014-02-13,4.28,,,
2014-02-20,4.33,,,
2014-02-27,4.37,,,
2014-03-01,,236.028,6.7,
2014-03-06,4.28,,,
2014-03-13,4.37,,,
2014-03-20,4.32,,,
2014-03-27,4.4,,,
2014-04-01,,236.468,6.2,
2014-04-03,4.41,,,
2014-04-10,4.34,,,
2014-04-17,4.27,,,
2014-04-24,4.33,,,
2014-05-01,4.29,236.918,6.3,
2014-05-08,4.21,,,
2014-05-15,4.2,,,
2014-05-22,4.14,,,
2014-05-29,4.12,,,
2014-06-01,,237.231,6.1,
2014-06-05,4.14,,,
2014-06-12,4.2,,,
2014-06-19,4.17,,,
2014-06-26,4.14,,,
2014-07-01,,237.498,6.2,
2014-07-03,4.12,,,
2014-07-10,4.15,,,
2014-07-17,4.13,,,
2014-07-24,4.13,,,
2014-07-31,4.12,,,
2014-08-01,,237.46,6.1,
2014-08-07,4.14,,,
2014-08-14,4.12,,,
2014-08-21,4.1,,,
2014-08-28,4.1,,,
2014-09-01,,237.477,5.9,
2014-09-04,4.1,,,
2014-09-11,4.12,,,
2014-09-18,4.23,,,
2014-09-25,4.2,,,
2014-10-01,,237.43,5.7,
2014-10-02,4.19,,,
2014-10-09,4.12,,,
2014-10-16,3.97,,,
2014-10-23,3.92,,,
2014-10-30,3.98,,,
2014-11-01,,236.983,5.8,
2014-11-06,4.02,,,
2014-11-13,4.01,,,
2014-11-20,3.99,,,
2014-11-26,3.97,,,
2014-12-01,,236.252,5.6,
2014-12-04,3.89,,,
2014-12-11,3.93,,,
2014-12-18,3.8,,,
2014-12-24,3.83,,,
2014-12-31,3.87,,,
2015-01-01,,234.747,5.7,72790.0
2015-01-08,3.73,,,
2015-01-15,3.66,,,
2015-01-22,3.63,,,
2015-01-29,3.66,,,
2015-02-01,,235.342,5.5,
2015-02-05,3.59,,,
2015-02-12,3.69,,,
2015-02-19,3.76,,,
2015-02-26,3.8,,,
2015-03-01,,235.976,5.4,
2015-03-05,3.75,,,
2015-03-12,3.86,,,
2015-03-19,3.78,,,
2015-03-26,3.69,,,
2015-04-01,,236.222,5.4,
2015-04-02,3.7,,,
2015-04-09,3.66,,,
2015-04-16,3.67,,,
2015-04-23,3.65,,,
2015-04-30,3.68,,,
2015-05-01,,237.001,5.6,
2015-05-07,3.8,,,
2015-05-14,3.85,,,
2015-05-21,3.84,,,
2015-05-28,3.87,,,
2015-06-01,,237.657,5.3,
2015-06-04,3.87,,,
2015-06-11,4.04,,,
2015-06-18,4.0,,,
2015-06-25,4.02,,,
2015-07-01,,238.034,5.2,
2015-07-02,4.08,,,
2015-07-09,4.04,,,
2015-07-16,4.09,,,
2015-07-23,4.04,,,
2015-07-30,3.98,,,
2015-08-01,,238.033,5.1,
2015-08-06,3.91,,,
2015-08-13,3.94,,,
2015-08-20,3.93,,,
2015-08-27,3.84,,,
2015-09-01,,237.498,5.0,
2015-09-03,3.89,,,
2015-09-10,3.9,,,
2015-09-17,3.91,,,
2015-09-24,3.86,,,
2015-10-01,3.85,237.733,5.0,
2015-10-08,3.76,,,
2015-10-15,3.82,,,
2015-10-22,3.79,,,
2015-10-29,3.76,,,
2015-11-01,,238.017,5.1,
2015-11-05,3.87,,,
2015-11-12,3.98,,,
2015-11-19,3.97,,,
2015-11-25,3.95,,,
2015-12-01,,237.761,5.0,
2015-12-03,3.93,,,
2015-12-10,3.95,,,
2015-12-17,3.97,,,
2015-12-24,3.96,,,
2015-12-31,4.01,,,
2016-01-01,,237.652,4.8,75380.0
2016-01-07,3.97,,,
2016-01-14,3.92,,,
2016-01-21,3.81,,,
2016-01-28,3.79,,,
2016-02-01,,237.336,4.9,
2016-02-04,3.72,,,
2016-02-11,3.65,,,
2016-02-18,3.65,,,
2016-02-25,3.62,,,
2016-03-01,,238.08,5.0,
2016-03-03,3.64,,,
2016-03-10,3.68,,,
2016-03-17,3.73,,,
2016-03-24,3.71,,,
2016-03-31,3.71,,,
2016-04-01,,238.992,5.1,
2016-04-07,3.59,,,
2016-04-14,3.58,,,
2016-04-21,3.59,,,
2016-04-28,3.66,,,
2016-05-01,,239.557,4.8,
2016-05-05,3.61,,,
2016-05-12,3.57,,,
2016-05-19,3.58,,,
2016-05-26,3.64,,,
2016-06-01,,240.222,4.9,
2016-06-02,3.66,,,
2016-06-09,3.6,,,
2016-06-16,3.54,,,
2016-06-23,3.56,,,
2016-06-30,3.48,,,
2016-07-01,,240.101,4.8,
2016-07-07,3.41,,,
2016-07-14,3.42,,,
2016-07-21,3.45,,,
2016-07-28,3.48,,,
2016-08-01,,240.545,4.9,
2016-08-04,3.43,,,
2016-08-11,3.45,,,
2016-08-18,3.43,,,
2016-08-25,3.43,,,
2016-09-01,3.46,241.176,5.0,
2016-09-08,3.44,,,
2016-09-15,3.5,,,
2016-09-22,3.48,,,
2016-09-29,3.42,,,
2016-10-01,,241.741,4.9,
2016-10-06,3.42,,,
2016-10-13,3.47,,,
2016-10-20,3.52,,,
2016-10-27,3.47,,,
2016-11-01,,242.026,4.7,
2016-11-03,3.54,,,
2016-11-10,3.57,,,
2016-11-17,3.94,,,
2016-11-23,4.03,,,
2016-12-01,4.08,242.637,4.7,
2016-12-08,4.13,,,
2016-12-15,4.16,,,
2016-12-22,4.3,,,
2016-12-29,4.32,,,
2017-01-01,,243.618,4.7,76710.0
2017-01-05,4.2,,,
2017-01-12,4.12,,,
2017-01-19,4.09,,,
2017-01-26,4.19,,,
2017-02-01,,244.006,4.6,
2017-02-02,4.19,,,
2017-02-09,4.17,,,
2017-02-16,4.15,,,
2017-02-23,4.16,,,
2017-03-01,,243.892,4.4,
2017-03-02,4.1,,,
2017-03-09,4.21,,,
2017-03-16,4.3,,,
2017-03-23,4.23,,,
2017-03-30,4.14,,,
2017-04-01,,244.193,4.4,
2017-04-06,4.1,,,
2017-04-13,4.08,,,
2017-04-20,3.97,,,
2017-04-27,4.03,,,
2017-05-01,,244.004,4.4,
2017-05-04,4.02,,,
2017-05-11,4.05,,,
2017-05-18,4.02,,,
2017-05-25,3.95,,,
2017-06-01,3.94,244.163,4.3,
2017-06-08,3.89,,,
2017-06-15,3.91,,,
2017-06-22,3.9,,,
2017-06-29,3.88,,,
2017-07-01,,244.243,4.3,
2017-07-06,3.96,,,
2017-07-13,4.03,,,
2017-07-20,3.96,,,
2017-07-27,3.92,,,
2017-08-01,,245.183,4.4,
2017-08-03,3.93,,,
2017-08-10,3.9,,,
2017-08-17,3.89,,,
2017-08-24,3.86,,,
2017-08-31,3.82,,,
2017-09-01,,246.435,4.3,
2017-09-07,3.78,,,
2017-09-14,3.78,,,
2017-09-21,3.83,,,
2017-09-28,3.83,,,
2017-10-01,,246.626,4.2,
2017-10-05,3.85,,,
2017-10-12,3.91,,,
2017-10-19,3.88,,,
2017-10-26,3.94,,,
2017-11-01,,247.284,4.2,
2017-11-02,3.94,,,
2017-11-09,3.9,,,
2017-11-16,3.95,,,
2017-11-22,3.92,,,
2017-11-30,3.9,,,
2017-12-01,,247.805,4.1,
2017-12-07,3.94,,,
2017-12-14,3.93,,,
2017-12-21,3.94,,,
2017-12-28,3.99,,,
2018-01-01,,248.859,4.0,77700.0
2018-01-04,3.95,,,
2018-01-11,3.99,,,
2018-01-18,4.04,,,
2018-01-25,4.15,,,
2018-02-01,4.22,249.529,4.1,
2018-02-08,4.32,,,
2018-02-15,4.38,,,
2018-02-22,4.4,,,
2018-03-01,4.43,249.577,4.0,
2018-03-08,4.46,,,
2018-03-15,4.44,,,
2018-03-22,4.45,,,
2018-03-29,4.44,,,
2018-04-01,,250.227,4.0,
2018-04-05,4.4,,,
2018-04-12,4.42,,,
2018-04-19,4.47,,,
2018-04-26,4.58,,,
2018-05-01,,250.792,3.8,
2018-05-03,4.55,,,
2018-05-10,4.55,,,
2018-05-17,4.61,,,
2018-05-24,4.66,,,
2018-05-31,4.56,,,
2018-06-01,,251.018,4.0,
2018-06-07,4.54,,,
2018-06-14,4.62,,,
2018-06-21,4.57,,,
2018-06-28,4.55,,,
2018-07-01,,251.214,3.8,
2018-07-05,4.52,,,
2018-07-12,4.53,,,
2018-07-19,4.52,,,
2018-07-26,4.54,,,
2018-08-01,,251.663,3.8,
2018-08-02,4.6,,,
2018-08-09,4.59,,,
2018-08-16,4.53,,,
2018-08-23,4.51,,,
2018-08-30,4.52,,,
2018-09-01,,252.182,3.7,
2018-09-06,4.54,,,
2018-09-13,4.6,,,
2018-09-20,4.65,,,
2018-09-27,4.72,,,
2018-10-01,,252.772,3.8,
2018-10-04,4.71,,,
2018-10-11,4.9,,,
2018-10-18,4.85,,,
2018-10-25,4.86,,,
2018-11-01,4.83,252.594,3.8,
2018-11-08,4.94,,,
2018-11-15,4.94,,,
2018-11-21,4.81,,,
2018-11-29,4.81,,,
2018-12-01,,252.767,3.9,
2018-12-06,4.75,,,
2018-12-13,4.63,,,
2018-12-20,4.62,,,
2018-12-27,4.55,,,
2019-01-01,,252.561,4.0,83260.0
2019-01-03,4.51,,,
2019-01-10,4.45,,,
2019-01-17,4.45,,,
2019-01-24,4.45,,,
2019-01-31,4.46,,,
2019-02-01,,253.319,3.8,
2019-02-07,4.41,,,
2019-02-14,4.37,,,
2019-02-21,4.35,,,
2019-02-28,4.35,,,
2019-03-01,,254.277,3.8,
2019-03-07,4.41,,,
2019-03-14,4.31,,,
2019-03-21,4.28,,,
2019-03-28,4.06,,,
2019-04-01,,255.233,3.7,
2019-04-04,4.08,,,
2019-04-11,4.12,,,
2019-04-18,4.17,,,
2019-04-25,4.2,,,
2019-05-01,,255.296,3.6,
2019-05-02,4.14,,,
2019-05-09,4.1,,,
2019-05-16,4.07,,,
2019-05-23,4.06,,,
2019-05-30,3.99,,,
2019-06-01,,255.213,3.6,
2019-06-06,3.82,,,
2019-06-13,3.82,,,
2019-06-20,3.84,,,
2019-06-27,3.73,,,
2019-07-01,,255.802,3.7,
2019-07-03,3.75,,,
2019-07-11,3.75,,,
2019-07-18,3.81,,,
2019-07-25,3.75,,,
2019-08-01,3.75,256.036,3.6,
2019-08-08,3.6,,,
2019-08-15,3.6,,,
2019-08-22,3.55,,,
2019-08-29,3.58,,,
2019-09-01,,256.43,3.5,
2019-09-05,3.49,,,
2019-09-12,3.56,,,
2019-09-19,3.73,,,
2019-09-26,3.64,,,
2019-10-01,,257.155,3.6,
2019-10-03,3.65,,,
2019-10-10,3.57,,,
2019-10-17,3.69,,,
2019-10-24,3.75,,,
2019-10-31,3.78,,,
2019-11-01,,257.879,3.6,
2019-11-07,3.69,,,
2019-11-14,3.75,,,
2019-11-21,3.66,,,
2019-11-27,3.68,,,
2019-12-01,,258.63,3.6,
2019-12-05,3.68,,,
2019-12-12,3.73,,,
2019-12-19,3.73,,,
2019-12-26,3.74,,,
2020-01-01,,259.127,3.6,81580.0
2020-01-02,3.72,,,
2020-01-09,3.64,,,
2020-01-16,3.65,,,
2020-01-23,3.6,,,
2020-01-30,3.51,,,
2020-02-01,,259.25,3.5,
2020-02-06,3.45,,,
2020-02-13,3.47,,,
2020-02-20,3.49,,,
2020-02-27,3.45,,,
2020-03-01,,258.076,4.4,
2020-03-05,3.29,,,
2020-03-12,3.36,,,
2020-03-19,3.65,,,
2020-03-26,3.5,,,
2020-04-01,,256.032,14.8,
2020-04-02,3.33,,,
2020-04-09,3.33,,,
2020-04-16,3.31,,,
2020-04-23,3.33,,,
2020-04-30,3.23,,,
2020-05-01,,255.802,13.2,
2020-05-07,3.26,,,
2020-05-14,3.28,,,
2020-05-21,3.24,,,
2020-05-28,3.15,,,
2020-06-01,,257.042,11.0,
2020-06-04,3.18,,,
2020-06-11,3.21,,,
2020-06-18,3.13,,,
2020-06-25,3.13,,,
2020-07-01,,258.352,10.2,
2020-07-02,3.07,,,
2020-07-09,3.03,,,
2020-07-16,2.98,,,
2020-07-23,3.01,,,
2020-07-30,2.99,,,
2020-08-01,,259.316,8.4,
2020-08-06,2.88,,,
2020-08-13,2.96,,,
2020-08-20,2.99,,,
2020-08-27,2.91,,,
2020-09-01,,259.997,7.8,
2020-09-03,2.93,,,
2020-09-10,2.86,,,
2020-09-17,2.87,,,
2020-09-24,2.9,,,
2020-10-01,2.88,260.319,6.9,
2020-10-08,2.87,,,
2020-10-15,2.81,,,
2020-10-22,2.8,,,
2020-10-29,2.81,,,
2020-11-01,,260.911,6.7,
2020-11-05,2.78,,,
2020-11-12,2.84,,,
2020-11-19,2.72,,,
2020-11-25,2.72,,,
2020-12-01,,262.045,6.7,
2020-12-03,2.71,,,
2020-12-10,2.71,,,
2020-12-17,2.67,,,
2020-12-24,2.66,,,
2020-12-31,2.67,,,
2021-01-01,,262.687,6.4,81270.0
2021-01-07,2.65,,,
2021-01-14,2.79,,,
2021-01-21,2.77,,,
2021-01-28,2.73,,,
2021-02-01,,263.579,6.2,
2021-02-04,2.73,,,
2021-02-11,2.73,,,
2021-02-18,2.81,,,
2021-02-25,2.97,,,
2021-03-01,,264.961,6.1,
2021-03-04,3.02,,,
2021-03-11,3.05,,,
2021-03-18,3.09,,,
2021-03-25,3.17,,,
2021-04-01,3.18,266.614,6.1,
2021-04-08,3.13,,,
2021-04-15,3.04,,,
2021-04-22,2.97,,,
2021-04-29,2.98,,,
2021-05-01,,268.383,5.8,
2021-05-06,2.96,,,
2021-05-13,2.94,,,
2021-05-20,3.0,,,
2021-05-27,2.95,,,
2021-06-01,,270.654,5.9,
2021-06-03,2.99,,,
2021-06-10,2.96,,,
2021-06-17,2.93,,,
2021-06-24,3.02,,,
2021-07-01,2.98,271.903,5.4,
2021-07-08,2.9,,,
2021-07-15,2.88,,,
2021-07-22,2.78,,,
2021-07-29,2.8,,,
2021-08-01,,272.676,5.1,
2021-08-05,2.77,,,
2021-08-12,2.87,,,
2021-08-19,2.86,,,
2021-08-26,2.87,,,
2021-09-01,,273.91,4.7,
2021-09-02,2.87,,,
2021-09-09,2.88,,,
2021-09-16,2.86,,,
2021-09-23,2.88,,,
2021-09-30,3.01,,,
2021-10-01,,276.55,4.5,
2021-10-07,2.99,,,
2021-10-14,3.05,,,
2021-10-21,3.09,,,
2021-10-28,3.14,,,
2021-11-01,,278.919,4.1,
2021-11-04,3.09,,,
2021-11-10,2.98,,,
2021-11-18,3.1,,,
2021-11-24,3.1,,,
2021-12-01,,280.845,3.9,
2021-12-02,3.11,,,
2021-12-09,3.1,,,
2021-12-16,3.12,,,
2021-12-23,3.05,,,
2021-12-30,3.11,,,
2022-01-01,,282.543,4.0,79500.0
2022-01-06,3.22,,,
2022-01-13,3.45,,,
2022-01-20,3.56,,,
2022-01-27,3.55,,,
2022-02-01,,284.5,3.9,
2022-02-03,3.55,,,
2022-02-10,3.69,,,
2022-02-17,3.92,,,
2022-02-24,3.89,,,
2022-03-01,,287.674,3.7,
2022-03-03,3.76,,,
2022-03-10,3.85,,,
2022-03-17,4.16,,,
2022-03-24,4.42,,,
2022-03-31,4.67,,,
2022-04-01,,288.561,3.7,
2022-04-07,4.72,,,
2022-04-14,5.0,,,
2022-04-21,5.11,,,
2022-04-28,5.1,,,
2022-05-01,,291.298,3.6,
2022-05-05,5.27,,,
2022-05-12,5.3,,,
2022-05-19,5.25,,,
2022-05-26,5.1,,,
2022-06-01,,294.957,3.6,
2022-06-02,5.09,,,
2022-06-09,5.23,,,
2022-06-16,5.78,,,
2022-06-23,5.81,,,
2022-06-30,5.7,,,
2022-07-01,,294.913,3.5,
2022-07-07,5.3,,,
2022-07-14,5.51,,,
2022-07-21,5.54,,,
2022-07-28,5.3,,,
2022-08-01,,295.097,3.6,
2022-08-04,4.99,,,
2022-08-11,5.22,,,
2022-08-18,5.13,,,
2022-08-25,5.55,,,
2022-09-01,5.66,296.349,3.5,
2022-09-08,5.89,,,
2022-09-15,6.02,,,
2022-09-22,6.29,,,
2022-09-29,6.7,,,
2022-10-01,,298.007,3.6,
2022-10-06,6.66,,,
2022-10-13,6.92,,,
2022-10-20,6.94,,,
2022-10-27,7.08,,,
2022-11-01,,298.786,3.6,
2022-11-03,6.95,,,
2022-11-10,7.08,,,
2022-11-17,6.61,,,
2022-11-23,6.58,,,
2022-12-01,6.49,298.832,3.5,
2022-12-08,6.33,,,
2022-12-15,6.31,,,
2022-12-22,6.27,,,
2022-12-29,6.42,,,
2023-01-01,,300.42,3.5,82690.0
2023-01-05,6.48,,,
2023-01-12,6.33,,,
2023-01-19,6.15,,,
2023-01-26,6.13,,,
2023-02-01,,301.45,3.6,
2023-02-02,6.09,,,
2023-02-09,6.12,,,
2023-02-16,6.32,,,
2023-02-23,6.5,,,
2023-03-01,,301.821,3.5,
2023-03-02,6.65,,,
2023-03-09,6.73,,,
2023-03-16,6.6,,,
2023-03-23,6.42,,,
2023-03-30,6.32,,,
2023-04-01,,302.845,3.4,
2023-04-06,6.28,,,
2023-04-13,6.27,,,
2023-04-20,6.39,,,
2023-04-27,6.43,,,
2023-05-01,,303.334,3.6,
2023-05-04,6.39,,,
2023-05-11,6.35,,,
2023-05-18,6.39,,,
2023-05-25,6.57,,,
2023-06-01,6.79,304.014,3.6,
2023-06-08,6.71,,,
2023-06-15,6.69,,,
2023-06-22,6.67,,,
2023-06-29,6.71,,,
2023-07-01,,304.609,3.5,
2023-07-06,6.81,,,
2023-07-13,6.96,,,
2023-07-20,6.78,,,
2023-07-27,6.81,,,
2023-08-01,,306.082,3.7,
2023-08-03,6.9,,,
2023-08-10,6.96,,,
2023-08-17,7.09,,,
2023-08-24,7.23,,,
2023-08-31,7.18,,,
2023-09-01,,307.276,3.7,
2023-09-07,7.12,,,
2023-09-14,7.18,,,
2023-09-21,7.19,,,
2023-09-28,7.31,,,
2023-10-01,,307.696,3.9,
2023-10-05,7.49,,,
2023-10-12,7.57,,,
2023-10-19,7.63,,,
2023-10-26,7.79,,,
2023-11-01,,308.148,3.7,
2023-11-02,7.76,,,
2023-11-09,7.5,,,
2023-11-16,7.44,,,
2023-11-22,7.29,,,
2023-11-30,7.22,,,
2023-12-01,,308.741,3.8,
2023-12-07,7.03,,,
2023-12-14,6.95,,,
2023-12-21,6.67,,,
2023-12-28,6.61,,,
2024-01-01,,309.698,3.7,83730.0
2024-01-04,6.62,,,
2024-01-11,6.66,,,
2024-01-18,6.6,,,
2024-01-25,6.69,,,
2024-02-01,6.63,310.967,3.9,
2024-02-08,6.64,,,
2024-02-15,6.77,,,
2024-02-22,6.9,,,
2024-02-29,6.94,,,
2024-03-01,,312.345,3.9,
2024-03-07,6.88,,,
2024-03-14,6.74,,,
2024-03-21,6.87,,,
2024-03-28,6.79,,,
2024-04-01,,313.023,3.9,
2024-04-04,6.82,,,
2024-04-11,6.88,,,
2024-04-18,7.1,,,
2024-04-25,7.17,,,
2024-05-01,,313.175,3.9,
2024-05-02,7.22,,,
2024-05-09,7.09,,,
2024-05-16,7.02,,,
2024-05-23,6.94,,,
2024-05-30,7.03,,,
2024-06-01,,313.044,4.1,
2024-06-06,6.99,,,
2024-06-13,6.95,,,
2024-06-20,6.87,,,
2024-06-27,6.86,,,
2024-07-01,,313.569,4.2,
2024-07-03,6.95,,,
2024-07-11,6.89,,,
2024-07-18,6.77,,,
2024-07-25,6.78,,,
2024-08-01,6.73,314.062,4.2,
2024-08-08,6.47,,,
2024-08-15,6.49,,,
2024-08-22,6.46,,,
2024-08-29,6.35,,,
2024-09-01,,314.732,4.1,
2024-09-05,6.35,,,
2024-09-12,6.2,,,
2024-09-19,6.09,,,
2024-09-26,6.08,,,
2024-10-01,,315.631,4.1,
2024-10-03,6.12,,,
2024-10-10,6.32,,,
2024-10-17,6.44,,,
2024-10-24,6.54,,,
2024-10-31,6.72,,,
2024-11-01,,316.528,4.2,
2024-11-07,6.79,,,
2024-11-14,6.78,,,
2024-11-21,6.84,,,
2024-11-27,6.81,,,
2024-12-01,,317.604,4.1,
2024-12-05,6.69,,,
2024-12-12,6.6,,,
2024-12-19,6.72,,,
2024-12-26,6.85,,,
2025-01-01,,318.961,4.0,
2025-01-02,6.91,,,
2025-01-09,6.93,,,
2025-01-16,7.04,,,
2025-01-23,6.96,,,
2025-01-30,6.95,,,
2025-02-01,,319.679,4.2,
2025-02-06,6.89,,,
2025-02-13,6.87,,,
2025-02-20,6.85,,,
2025-02-27,6.76,,,
2025-03-01,,319.785,4.2,
2025-03-06,6.63,,,
2025-03-13,6.65,,,
2025-03-20,6.67,,,
2025-03-27,6.65,,,
2025-04-01,,320.302,4.2,
2025-04-03,6.64,,,
2025-04-10,6.62,,,
2025-04-17,6.83,,,
2025-04-24,6.81,,,
2025-05-01,6.76,320.62,4.3,
2025-05-08,6.76,,,
2025-05-15,6.81,,,
2025-05-22,6.86,,,
2025-05-29,6.89,,,
2025-06-01,,321.435,4.1,
2025-06-05,6.85,,,
2025-06-12,6.84,,,
2025-06-18,6.81,,,
2025-06-26,6.77,,,
2025-07-01,,322.169,4.3,
2025-07-03,6.67,,,
2025-07-10,6.72,,,
2025-07-17,6.75,,,
2025-07-24,6.74,,,
2025-07-31,6.72,,,
2025-08-01,,323.291,4.3,
2025-08-07,6.63,,,
2025-08-14,6.58,,,
2025-08-21,6.58,,,
2025-08-28,6.56,,,
2025-09-01,,324.245,4.4,
2025-09-04,6.5,,,
2025-09-11,6.35,,,
2025-09-18,6.26,,,
2025-09-25,6.3,,,
2025-10-01,,,,
2025-10-02,6.34,,,
2025-10-09,6.3,,,
2025-10-16,6.27,,,
2025-10-23,6.19,,,
2025-10-30,6.17,,,
2025-11-01,,325.063,4.5,
2025-11-06,6.22,,,
2025-11-13,6.24,,,
2025-11-20,6.26,,,
2025-11-26,6.23,,,
2025-12-01,,326.031,4.4,
2025-12-04,6.19,,,
2025-12-11,6.22,,,
2025-12-18,6.21,,,
2025-12-24,6.18,,,
2025-12-31,6.15,,,
2026-01-01,,326.588,4.3,
2026-01-08,6.16,,,
2026-01-15,6.06,,,
2026-01-22,6.09,,,
2026-01-29,6.1,,,
2026-02-01,,327.46,4.4,
2026-02-05,6.11,,,
2026-02-12,6.09,,,
2026-02-19,6.01,,,
2026-02-26,5.98,,,
2026-03-01,,330.293,4.3,
2026-03-05,6.0,,,
2026-03-12,6.11,,,
2026-03-19,6.22,,,
2026-03-26,6.38,,,
2026-04-02,6.46,,,
2026-04-09,6.37,,,
2026-04-16,6.3,,,
